Li,B,O,Na,Mg,Al,Si,P,K,Ca,Ti,V,Cr,Mn,Fe,Co,Ni,Cu,Zn,Ga,Ge,As,Se,Rb,Sr,Y,Zr,Nb,Mo,Tc,Ru,Rh,Pd,Ag,Cd,In,Sn,Sb,Te,I,Cs,Ba,La,Hf,Ta,W,Re,Os,Ir,Pt,Au,Hg,Tl,Pb,Bi,Po,At,Rn,Ce,Pr,Nd,S_autres_TR,Th,U,Pu,Np,Am,Cm,S_autres_An,Temp√©rature,Ph_Final,V0_B_ou_r0_B
6.4,10.45,58.43,5.21,0.66,0.73,15.3,0,0,0,0,0,0.1,0,0.47,0,0.07,0,0,0,0,0,0,0,0.06,0.02,0.39,0,0.28,0,0.07,0,0,0,0,0,0,0,0.03,0,0.23,0.16,0.08,0,0,0,0,0,0,0,0,0,0,0,0,0,0,0,0.14,0.06,0.21,0.45,0,0,0,0,0,0,0,23,8.0,0.005
6.4,10.45,58.43,5.21,0.66,0.73,15.3,0,0,0,0,0,0.1,0,0.47,0,0.07,0,0,0,0,0,0,0,0.06,0.02,0.39,0,0.28,0,0.07,0,0,0,0,0,0,0,0.03,0,0.23,0.16,0.08,0,0,0,0,0,0,0,0,0,0,0,0,0,0,0,0.14,0.06,0.21,0.45,0,0,0,0,0,0,0,40,7.9,0.051
6.4,10.45,58.43,5.21,0.66,0.73,15.3,0,0,0,0,0,0.1,0,0.47,0,0.07,0,0,0,0,0,0,0,0.06,0.02,0.39,0,0.28,0,0.07,0,0,0,0,0,0,0,0.03,0,0.23,0.16,0.08,0,0,0,0,0,0,0,0,0,0,0,0,0,0,0,0.14,0.06,0.21,0.45,0,0,0,0,0,0,0,70,7.6,0.395
6.4,10.45,58.43,5.21,0.66,0.73,15.3,0,0,0,0,0,0.1,0,0.47,0,0.07,0,0,0,0,0,0,0,0.06,0.02,0.39,0,0.28,0,0.07,0,0,0,0,0,0,0,0.03,0,0.23,0.16,0.08,0,0,0,0,0,0,0,0,0,0,0,0,0,0,0,0.14,0.06,0.21,0.45,0,0,0,0,0,0,0,23,10.0,0.027
6.4,10.45,58.43,5.21,0.66,0.73,15.3,0,0,0,0,0,0.1,0,0.47,0,0.07,0,0,0,0,0,0,0,0.06,0.02,0.39,0,0.28,0,0.07,0,0,0,0,0,0,0,0.03,0,0.23,0.16,0.08,0,0,0,0,0,0,0,0,0,0,0,0,0,0,0,0.14,0.06,0.21,0.45,0,0,0,0,0,0,0,40,9.8,0.106
6.4,10.45,58.43,5.21,0.66,0.73,15.3,0,0,0,0,0,0.1,0,0.47,0,0.07,0,0,0,0,0,0,0,0.06,0.02,0.39,0,0.28,0,0.07,0,0,0,0,0,0,0,0.03,0,0.23,0.16,0.08,0,0,0,0,0,0,0,0,0,0,0,0,0,0,0,0.14,0.06,0.21,0.45,0,0,0,0,0,0,0,70,9.3,2.548
6.4,10.45,58.43,5.21,0.66,0.73,15.3,0,0,0,0,0,0.1,0,0.47,0,0.07,0,0,0,0,0,0,0,0.06,0.02,0.39,0,0.28,0,0.07,0,0,0,0,0,0,0,0.03,0,0.23,0.16,0.08,0,0,0,0,0,0,0,0,0,0,0,0,0,0,0,0.14,0.06,0.21,0.45,0,0,0,0,0,0,0,23,12.0,0.489
6.4,10.45,58.43,5.21,0.66,0.73,15.3,0,0,0,0,0,0.1,0,0.47,0,0.07,0,0,0,0,0,0,0,0.06,0.02,0.39,0,0.28,0,0.07,0,0,0,0,0,0,0,0.03,0,0.23,0.16,0.08,0,0,0,0,0,0,0,0,0,0,0,0,0,0,0,0.14,0.06,0.21,0.45,0,0,0,0,0,0,0,40,11.5,2.16
6.4,10.45,58.43,5.21,0.66,0.73,15.3,0,0,0,0,0,0.1,0,0.47,0,0.07,0,0,0,0,0,0,0,0.06,0.02,0.39,0,0.28,0,0.07,0,0,0,0,0,0,0,0.03,0,0.23,0.16,0.08,0,0,0,0,0,0,0,0,0,0,0,0,0,0,0,0.14,0.06,0.21,0.45,0,0,0,0,0,0,0,70,10.7,12.059
5.9,10.35,58.61,5.07,0.83,0.94,14.99,0,0,0,0,0,0.12,0,0.52,0,0.13,0,0,0,0,0,0,0,0.07,0.02,0.46,0,0.35,0,0.08,0,0,0,0,0,0,0,0.04,0,0.29,0.18,0.09,0,0,0,0,0,0,0,0,0,0,0,0,0,0,0,0.16,0.06,0.22,0.51,0,0,0,0,0,0,0,23,8.0,0.005
5.9,10.35,58.61,5.07,0.83,0.94,14.99,0,0,0,0,0,0.12,0,0.52,0,0.13,0,0,0,0,0,0,0,0.07,0.02,0.46,0,0.35,0,0.08,0,0,0,0,0,0,0,0.04,0,0.29,0.18,0.09,0,0,0,0,0,0,0,0,0,0,0,0,0,0,0,0.16,0.06,0.22,0.51,0,0,0,0,0,0,0,40,7.9,0.022
5.9,10.35,58.61,5.07,0.83,0.94,14.99,0,0,0,0,0,0.12,0,0.52,0,0.13,0,0,0,0,0,0,0,0.07,0.02,0.46,0,0.35,0,0.08,0,0,0,0,0,0,0,0.04,0,0.29,0.18,0.09,0,0,0,0,0,0,0,0,0,0,0,0,0,0,0,0.16,0.06,0.22,0.51,0,0,0,0,0,0,0,70,7.6,0.369
5.9,10.35,58.61,5.07,0.83,0.94,14.99,0,0,0,0,0,0.12,0,0.52,0,0.13,0,0,0,0,0,0,0,0.07,0.02,0.46,0,0.35,0,0.08,0,0,0,0,0,0,0,0.04,0,0.29,0.18,0.09,0,0,0,0,0,0,0,0,0,0,0,0,0,0,0,0.16,0.06,0.22,0.51,0,0,0,0,0,0,0,23,10.0,0.024
5.9,10.35,58.61,5.07,0.83,0.94,14.99,0,0,0,0,0,0.12,0,0.52,0,0.13,0,0,0,0,0,0,0,0.07,0.02,0.46,0,0.35,0,0.08,0,0,0,0,0,0,0,0.04,0,0.29,0.18,0.09,0,0,0,0,0,0,0,0,0,0,0,0,0,0,0,0.16,0.06,0.22,0.51,0,0,0,0,0,0,0,40,9.8,0.189
5.9,10.35,58.61,5.07,0.83,0.94,14.99,0,0,0,0,0,0.12,0,0.52,0,0.13,0,0,0,0,0,0,0,0.07,0.02,0.46,0,0.35,0,0.08,0,0,0,0,0,0,0,0.04,0,0.29,0.18,0.09,0,0,0,0,0,0,0,0,0,0,0,0,0,0,0,0.16,0.06,0.22,0.51,0,0,0,0,0,0,0,70,9.3,1.57
5.9,10.35,58.61,5.07,0.83,0.94,14.99,0,0,0,0,0,0.12,0,0.52,0,0.13,0,0,0,0,0,0,0,0.07,0.02,0.46,0,0.35,0,0.08,0,0,0,0,0,0,0,0.04,0,0.29,0.18,0.09,0,0,0,0,0,0,0,0,0,0,0,0,0,0,0,0.16,0.06,0.22,0.51,0,0,0,0,0,0,0,23,12.0,0.536
5.9,10.35,58.61,5.07,0.83,0.94,14.99,0,0,0,0,0,0.12,0,0.52,0,0.13,0,0,0,0,0,0,0,0.07,0.02,0.46,0,0.35,0,0.08,0,0,0,0,0,0,0,0.04,0,0.29,0.18,0.09,0,0,0,0,0,0,0,0,0,0,0,0,0,0,0,0.16,0.06,0.22,0.51,0,0,0,0,0,0,0,40,11.5,2.643
5.9,10.35,58.61,5.07,0.83,0.94,14.99,0,0,0,0,0,0.12,0,0.52,0,0.13,0,0,0,0,0,0,0,0.07,0.02,0.46,0,0.35,0,0.08,0,0,0,0,0,0,0,0.04,0,0.29,0.18,0.09,0,0,0,0,0,0,0,0,0,0,0,0,0,0,0,0.16,0.06,0.22,0.51,0,0,0,0,0,0,0,70,10.7,4.915
0,9.58,60.32,7.61,0,2.28,18.0,0,0,1.71,0,0,0,0,0,0,0,0,0,0,0,0,0,0,0,0,0.51,0,0,0,0,0,0,0,0,0,0,0,0,0,0,0,0,0,0,0,0,0,0,0,0,0,0,0,0,0,0,0,0,0,0,0,0,0,0,0,0,0,0,90,9.0,3.8
0,9.58,60.32,7.61,0,2.28,18.0,0,0,1.71,0,0,0,0,0,0,0,0,0,0,0,0,0,0,0,0,0.51,0,0,0,0,0,0,0,0,0,0,0,0,0,0,0,0,0,0,0,0,0,0,0,0,0,0,0,0,0,0,0,0,0,0,0,0,0,0,0,0,0,0,90,9.0,3.6
0,9.58,60.32,7.61,0,2.28,18.0,0,0,1.71,0,0,0,0,0,0,0,0,0,0,0,0,0,0,0,0,0.51,0,0,0,0,0,0,0,0,0,0,0,0,0,0,0,0,0,0,0,0,0,0,0,0,0,0,0,0,0,0,0,0,0,0,0,0,0,0,0,0,0,0,90,9.0,3.7
0,10.38,61.2,3.16,0,8.47,12.84,0,0,1.07,0,0,0,0,0,0,0,0,0,0,0,0,0,0,0,0,0.56,0,0,0,0,0,0,0,0,0,0,0,0,0,0,0,0,0,0,0,0,0,0,0,0,0,0,0,0,0,0,0,0,0,2.31,0,0,0,0,0,0,0,0,100,7,0.8
0,10.76,59.4,10.76,0,0,18.5,0,0,0,0,0,0,0,0,0,0,0,0,0,0,0,0,0,0,0,0,0,0,0,0,0,0,0,0,0,0,0,0,0,0,0,0,0,0,0,0,0,0,0,0,0,0,0,0,0,0,0,0,0,0,0.59,0,0,0,0,0,0,0,80,7,2.88
0,10.76,59.4,10.76,0,0,18.5,0,0,0,0,0,0,0,0,0,0,0,0,0,0,0,0,0,0,0,0,0,0,0,0,0,0,0,0,0,0,0,0,0,0,0,0,0,0,0,0,0,0,0,0,0,0,0,0,0,0,0,0,0,0,0.59,0,0,0,0,0,0,0,80,7,2.88
0,10.76,59.4,10.76,0,0,18.5,0,0,0,0,0,0,0,0,0,0,0,0,0,0,0,0,0,0,0,0,0,0,0,0,0,0,0,0,0,0,0,0,0,0,0,0,0,0,0,0,0,0,0,0,0,0,0,0,0,0,0,0,0,0,0.59,0,0,0,0,0,0,0,80,7,2.88
0,10.76,59.4,10.76,0,0,18.5,0,0,0,0,0,0,0,0,0,0,0,0,0,0,0,0,0,0,0,0,0,0,0,0,0,0,0,0,0,0,0,0,0,0,0,0,0,0,0,0,0,0,0,0,0,0,0,0,0,0,0,0,0,0,0.59,0,0,0,0,0,0,0,80,7.5,23.04
0,10.76,59.4,10.76,0,0,18.5,0,0,0,0,0,0,0,0,0,0,0,0,0,0,0,0,0,0,0,0,0,0,0,0,0,0,0,0,0,0,0,0,0,0,0,0,0,0,0,0,0,0,0,0,0,0,0,0,0,0,0,0,0,0,0.59,0,0,0,0,0,0,0,80,7.5,11.52
6.06,5.57,59.08,4.54,0,3.7,17.95,0,0,1.79,0,0,0,0,0,0,0,0,0,0,0,0,0,0,0,0,0.19,0,0.21,0,0,0,0,0,0,0,0,0,0,0,0,0,0,0,0,0,0,0,0,0,0,0,0,0,0,0,0,0,0,0,0,0.51,0,0,0,0,0,0,0,22.7,9.0,-2.79
6.06,5.57,59.08,4.54,0,3.7,17.95,0,0,1.79,0,0,0,0,0,0,0,0,0,0,0,0,0,0,0,0,0.19,0,0.21,0,0,0,0,0,0,0,0,0,0,0,0,0,0,0,0,0,0,0,0,0,0,0,0,0,0,0,0,0,0,0,0,0.51,0,0,0,0,0,0,0,22.7,10.0,-2.66
6.06,5.57,59.08,4.54,0,3.7,17.95,0,0,1.79,0,0,0,0,0,0,0,0,0,0,0,0,0,0,0,0,0.19,0,0.21,0,0,0,0,0,0,0,0,0,0,0,0,0,0,0,0,0,0,0,0,0,0,0,0,0,0,0,0,0,0,0,0,0.51,0,0,0,0,0,0,0,22.7,11.0,-1.85
6.06,5.57,59.08,4.54,0,3.7,17.95,0,0,1.79,0,0,0,0,0,0,0,0,0,0,0,0,0,0,0,0,0.19,0,0.21,0,0,0,0,0,0,0,0,0,0,0,0,0,0,0,0,0,0,0,0,0,0,0,0,0,0,0,0,0,0,0,0,0.51,0,0,0,0,0,0,0,22.7,12.0,-1.2
6.06,5.57,59.08,4.54,0,3.7,17.95,0,0,1.79,0,0,0,0,0,0,0,0,0,0,0,0,0,0,0,0,0.19,0,0.21,0,0,0,0,0,0,0,0,0,0,0,0,0,0,0,0,0,0,0,0,0,0,0,0,0,0,0,0,0,0,0,0,0.51,0,0,0,0,0,0,0,40.9,8.7,-2.24
6.06,5.57,59.08,4.54,0,3.7,17.95,0,0,1.79,0,0,0,0,0,0,0,0,0,0,0,0,0,0,0,0,0.19,0,0.21,0,0,0,0,0,0,0,0,0,0,0,0,0,0,0,0,0,0,0,0,0,0,0,0,0,0,0,0,0,0,0,0,0.51,0,0,0,0,0,0,0,40.9,9.6,-1.79
6.06,5.57,59.08,4.54,0,3.7,17.95,0,0,1.79,0,0,0,0,0,0,0,0,0,0,0,0,0,0,0,0,0.19,0,0.21,0,0,0,0,0,0,0,0,0,0,0,0,0,0,0,0,0,0,0,0,0,0,0,0,0,0,0,0,0,0,0,0,0.51,0,0,0,0,0,0,0,40.2,10.9,-1.01
6.06,5.57,59.08,4.54,0,3.7,17.95,0,0,1.79,0,0,0,0,0,0,0,0,0,0,0,0,0,0,0,0,0.19,0,0.21,0,0,0,0,0,0,0,0,0,0,0,0,0,0,0,0,0,0,0,0,0,0,0,0,0,0,0,0,0,0,0,0,0.51,0,0,0,0,0,0,0,39.9,11.7,-0.46
6.06,5.57,59.08,4.54,0,3.7,17.95,0,0,1.79,0,0,0,0,0,0,0,0,0,0,0,0,0,0,0,0,0.19,0,0.21,0,0,0,0,0,0,0,0,0,0,0,0,0,0,0,0,0,0,0,0,0,0,0,0,0,0,0,0,0,0,0,0,0.51,0,0,0,0,0,0,0,71.0,8.1,-0.97
6.06,5.57,59.08,4.54,0,3.7,17.95,0,0,1.79,0,0,0,0,0,0,0,0,0,0,0,0,0,0,0,0,0.19,0,0.21,0,0,0,0,0,0,0,0,0,0,0,0,0,0,0,0,0,0,0,0,0,0,0,0,0,0,0,0,0,0,0,0,0.51,0,0,0,0,0,0,0,71.0,8.9,-0.73
6.06,5.57,59.08,4.54,0,3.7,17.95,0,0,1.79,0,0,0,0,0,0,0,0,0,0,0,0,0,0,0,0,0.19,0,0.21,0,0,0,0,0,0,0,0,0,0,0,0,0,0,0,0,0,0,0,0,0,0,0,0,0,0,0,0,0,0,0,0,0.51,0,0,0,0,0,0,0,70.1,10.4,-0.07
6.06,5.57,59.08,4.54,0,3.7,17.95,0,0,1.79,0,0,0,0,0,0,0,0,0,0,0,0,0,0,0,0,0.19,0,0.21,0,0,0,0,0,0,0,0,0,0,0,0,0,0,0,0,0,0,0,0,0,0,0,0,0,0,0,0,0,0,0,0,0.51,0,0,0,0,0,0,0,70.1,11.1,0.24
6.06,5.57,59.08,4.54,0,3.7,17.95,0,0,1.79,0,0,0,0,0,0,0,0,0,0,0,0,0,0,0,0,0.19,0,0.21,0,0,0,0,0,0,0,0,0,0,0,0,0,0,0,0,0,0,0,0,0,0,0,0,0,0,0,0,0,0,0,0,0.51,0,0,0,0,0,0,0,90.6,7.7,-0.51
6.06,5.57,59.08,4.54,0,3.7,17.95,0,0,1.79,0,0,0,0,0,0,0,0,0,0,0,0,0,0,0,0,0.19,0,0.21,0,0,0,0,0,0,0,0,0,0,0,0,0,0,0,0,0,0,0,0,0,0,0,0,0,0,0,0,0,0,0,0,0.51,0,0,0,0,0,0,0,90.6,8.5,-0.18
6.06,5.57,59.08,4.54,0,3.7,17.95,0,0,1.79,0,0,0,0,0,0,0,0,0,0,0,0,0,0,0,0,0.19,0,0.21,0,0,0,0,0,0,0,0,0,0,0,0,0,0,0,0,0,0,0,0,0,0,0,0,0,0,0,0,0,0,0,0,0.51,0,0,0,0,0,0,0,90.5,10.1,0.54
2.74,5.88,55.92,12.55,0.76,3.61,13.48,0,0.18,2.01,0,0,0,0,0.26,0,0,0,0.76,0,0,0,0,0,0,0,0.5,0,0,0,0,0,0,0,0,0,0.27,0,0,0,0,0,0,0,0,0,0,0,0,0,0,0,0,0,0,0,0,0,0,0,0,0.19,0,0,0,0,0,0,0,23.0,8.0,-2.95
2.74,5.88,55.92,12.55,0.76,3.61,13.48,0,0.18,2.01,0,0,0,0,0.26,0,0,0,0.76,0,0,0,0,0,0,0,0.5,0,0,0,0,0,0,0,0,0,0.27,0,0,0,0,0,0,0,0,0,0,0,0,0,0,0,0,0,0,0,0,0,0,0,0,0.19,0,0,0,0,0,0,0,23.0,9.0,-2.83
2.74,5.88,55.92,12.55,0.76,3.61,13.48,0,0.18,2.01,0,0,0,0,0.26,0,0,0,0.76,0,0,0,0,0,0,0,0.5,0,0,0,0,0,0,0,0,0,0.27,0,0,0,0,0,0,0,0,0,0,0,0,0,0,0,0,0,0,0,0,0,0,0,0,0.19,0,0,0,0,0,0,0,23.0,10.0,-2.15
2.74,5.88,55.92,12.55,0.76,3.61,13.48,0,0.18,2.01,0,0,0,0,0.26,0,0,0,0.76,0,0,0,0,0,0,0,0.5,0,0,0,0,0,0,0,0,0,0.27,0,0,0,0,0,0,0,0,0,0,0,0,0,0,0,0,0,0,0,0,0,0,0,0,0.19,0,0,0,0,0,0,0,23.0,11.0,-1.99
2.74,5.88,55.92,12.55,0.76,3.61,13.48,0,0.18,2.01,0,0,0,0,0.26,0,0,0,0.76,0,0,0,0,0,0,0,0.5,0,0,0,0,0,0,0,0,0,0.27,0,0,0,0,0,0,0,0,0,0,0,0,0,0,0,0,0,0,0,0,0,0,0,0,0.19,0,0,0,0,0,0,0,23.0,12.0,-1.54
2.74,5.88,55.92,12.55,0.76,3.61,13.48,0,0.18,2.01,0,0,0,0,0.26,0,0,0,0.76,0,0,0,0,0,0,0,0.5,0,0,0,0,0,0,0,0,0,0.27,0,0,0,0,0,0,0,0,0,0,0,0,0,0,0,0,0,0,0,0,0,0,0,0,0.19,0,0,0,0,0,0,0,40.0,7.9,-2.1
2.74,5.88,55.92,12.55,0.76,3.61,13.48,0,0.18,2.01,0,0,0,0,0.26,0,0,0,0.76,0,0,0,0,0,0,0,0.5,0,0,0,0,0,0,0,0,0,0.27,0,0,0,0,0,0,0,0,0,0,0,0,0,0,0,0,0,0,0,0,0,0,0,0,0.19,0,0,0,0,0,0,0,40.0,8.7,-1.95
2.74,5.88,55.92,12.55,0.76,3.61,13.48,0,0.18,2.01,0,0,0,0,0.26,0,0,0,0.76,0,0,0,0,0,0,0,0.5,0,0,0,0,0,0,0,0,0,0.27,0,0,0,0,0,0,0,0,0,0,0,0,0,0,0,0,0,0,0,0,0,0,0,0,0.19,0,0,0,0,0,0,0,40.0,9.6,-1.46
2.74,5.88,55.92,12.55,0.76,3.61,13.48,0,0.18,2.01,0,0,0,0,0.26,0,0,0,0.76,0,0,0,0,0,0,0,0.5,0,0,0,0,0,0,0,0,0,0.27,0,0,0,0,0,0,0,0,0,0,0,0,0,0,0,0,0,0,0,0,0,0,0,0,0.19,0,0,0,0,0,0,0,40.0,10.9,-1.32
2.74,5.88,55.92,12.55,0.76,3.61,13.48,0,0.18,2.01,0,0,0,0,0.26,0,0,0,0.76,0,0,0,0,0,0,0,0.5,0,0,0,0,0,0,0,0,0,0.27,0,0,0,0,0,0,0,0,0,0,0,0,0,0,0,0,0,0,0,0,0,0,0,0,0.19,0,0,0,0,0,0,0,40.0,11.7,-0.91
2.74,5.88,55.92,12.55,0.76,3.61,13.48,0,0.18,2.01,0,0,0,0,0.26,0,0,0,0.76,0,0,0,0,0,0,0,0.5,0,0,0,0,0,0,0,0,0,0.27,0,0,0,0,0,0,0,0,0,0,0,0,0,0,0,0,0,0,0,0,0,0,0,0,0.19,0,0,0,0,0,0,0,70.0,8.1,-1.73
2.74,5.88,55.92,12.55,0.76,3.61,13.48,0,0.18,2.01,0,0,0,0,0.26,0,0,0,0.76,0,0,0,0,0,0,0,0.5,0,0,0,0,0,0,0,0,0,0.27,0,0,0,0,0,0,0,0,0,0,0,0,0,0,0,0,0,0,0,0,0,0,0,0,0.19,0,0,0,0,0,0,0,70.0,8.9,-1.02
2.74,5.88,55.92,12.55,0.76,3.61,13.48,0,0.18,2.01,0,0,0,0,0.26,0,0,0,0.76,0,0,0,0,0,0,0,0.5,0,0,0,0,0,0,0,0,0,0.27,0,0,0,0,0,0,0,0,0,0,0,0,0,0,0,0,0,0,0,0,0,0,0,0,0.19,0,0,0,0,0,0,0,70.0,10.4,-0.74
2.74,5.88,55.92,12.55,0.76,3.61,13.48,0,0.18,2.01,0,0,0,0,0.26,0,0,0,0.76,0,0,0,0,0,0,0,0.5,0,0,0,0,0,0,0,0,0,0.27,0,0,0,0,0,0,0,0,0,0,0,0,0,0,0,0,0,0,0,0,0,0,0,0,0.19,0,0,0,0,0,0,0,70.0,11.1,-0.34
2.74,5.88,55.92,12.55,0.76,3.61,13.48,0,0.18,2.01,0,0,0,0,0.26,0,0,0,0.76,0,0,0,0,0,0,0,0.5,0,0,0,0,0,0,0,0,0,0.27,0,0,0,0,0,0,0,0,0,0,0,0,0,0,0,0,0,0,0,0,0,0,0,0,0.19,0,0,0,0,0,0,0,90.0,7.7,-0.5
2.74,5.88,55.92,12.55,0.76,3.61,13.48,0,0.18,2.01,0,0,0,0,0.26,0,0,0,0.76,0,0,0,0,0,0,0,0.5,0,0,0,0,0,0,0,0,0,0.27,0,0,0,0,0,0,0,0,0,0,0,0,0,0,0,0,0,0,0,0,0,0,0,0,0.19,0,0,0,0,0,0,0,90.0,8.5,-0.06
2.74,5.88,55.92,12.55,0.76,3.61,13.48,0,0.18,2.01,0,0,0,0,0.26,0,0,0,0.76,0,0,0,0,0,0,0,0.5,0,0,0,0,0,0,0,0,0,0.27,0,0,0,0,0,0,0,0,0,0,0,0,0,0,0,0,0,0,0,0,0,0,0,0,0.19,0,0,0,0,0,0,0,90.0,10.1,0.04
2.74,5.88,55.92,12.55,0.76,3.61,13.48,0,0.18,2.01,0,0,0,0,0.26,0,0,0,0.76,0,0,0,0,0,0,0,0.5,0,0,0,0,0,0,0,0,0,0.27,0,0,0,0,0,0,0,0,0,0,0,0,0,0,0,0,0,0,0,0,0,0,0,0,0.19,0,0,0,0,0,0,0,90.0,10.7,0.44
0,4.5,55.74,17.31,0.59,4.21,14.24,0,0.06,0.42,0,0,0,0.02,0.3,0,0,0,0.96,0,0,0,0,0,0,0,0.95,0,0,0,0,0,0,0,0,0,0.16,0,0,0,0,0,0,0,0,0,0,0,0,0,0,0,0,0,0,0,0,0,0,0,0,0.09,0,0,0,0,0,0,0,23.0,8.3,0.00079
0,4.5,55.74,17.31,0.59,4.21,14.24,0,0.06,0.42,0,0,0,0.02,0.3,0,0,0,0.96,0,0,0,0,0,0,0,0.95,0,0,0,0,0,0,0,0,0,0.16,0,0,0,0,0,0,0,0,0,0,0,0,0,0,0,0,0,0,0,0,0,0,0,0,0.09,0,0,0,0,0,0,0,23.0,9.0,0.00162
0,4.5,55.74,17.31,0.59,4.21,14.24,0,0.06,0.42,0,0,0,0.02,0.3,0,0,0,0.96,0,0,0,0,0,0,0,0.95,0,0,0,0,0,0,0,0,0,0.16,0,0,0,0,0,0,0,0,0,0,0,0,0,0,0,0,0,0,0,0,0,0,0,0,0.09,0,0,0,0,0,0,0,23.0,10.0,0.00457
0,4.5,55.74,17.31,0.59,4.21,14.24,0,0.06,0.42,0,0,0,0.02,0.3,0,0,0,0.96,0,0,0,0,0,0,0,0.95,0,0,0,0,0,0,0,0,0,0.16,0,0,0,0,0,0,0,0,0,0,0,0,0,0,0,0,0,0,0,0,0,0,0,0,0.09,0,0,0,0,0,0,0,23.0,11.0,0.00537
0,4.5,55.74,17.31,0.59,4.21,14.24,0,0.06,0.42,0,0,0,0.02,0.3,0,0,0,0.96,0,0,0,0,0,0,0,0.95,0,0,0,0,0,0,0,0,0,0.16,0,0,0,0,0,0,0,0,0,0,0,0,0,0,0,0,0,0,0,0,0,0,0,0,0.09,0,0,0,0,0,0,0,23.0,12.0,0.02951
0,4.5,55.74,17.31,0.59,4.21,14.24,0,0.06,0.42,0,0,0,0.02,0.3,0,0,0,0.96,0,0,0,0,0,0,0,0.95,0,0,0,0,0,0,0,0,0,0.16,0,0,0,0,0,0,0,0,0,0,0,0,0,0,0,0,0,0,0,0,0,0,0,0,0.09,0,0,0,0,0,0,0,40.0,8.0,0.00603
0,4.5,55.74,17.31,0.59,4.21,14.24,0,0.06,0.42,0,0,0,0.02,0.3,0,0,0,0.96,0,0,0,0,0,0,0,0.95,0,0,0,0,0,0,0,0,0,0.16,0,0,0,0,0,0,0,0,0,0,0,0,0,0,0,0,0,0,0,0,0,0,0,0,0.09,0,0,0,0,0,0,0,40.0,8.7,0.01318
0,4.5,55.74,17.31,0.59,4.21,14.24,0,0.06,0.42,0,0,0,0.02,0.3,0,0,0,0.96,0,0,0,0,0,0,0,0.95,0,0,0,0,0,0,0,0,0,0.16,0,0,0,0,0,0,0,0,0,0,0,0,0,0,0,0,0,0,0,0,0,0,0,0,0.09,0,0,0,0,0,0,0,40.0,9.6,0.02818
0,4.5,55.74,17.31,0.59,4.21,14.24,0,0.06,0.42,0,0,0,0.02,0.3,0,0,0,0.96,0,0,0,0,0,0,0,0.95,0,0,0,0,0,0,0,0,0,0.16,0,0,0,0,0,0,0,0,0,0,0,0,0,0,0,0,0,0,0,0,0,0,0,0,0.09,0,0,0,0,0,0,0,40.0,10.5,0.06918
0,4.5,55.74,17.31,0.59,4.21,14.24,0,0.06,0.42,0,0,0,0.02,0.3,0,0,0,0.96,0,0,0,0,0,0,0,0.95,0,0,0,0,0,0,0,0,0,0.16,0,0,0,0,0,0,0,0,0,0,0,0,0,0,0,0,0,0,0,0,0,0,0,0,0.09,0,0,0,0,0,0,0,40.0,11.6,0.20417
0,4.5,55.74,17.31,0.59,4.21,14.24,0,0.06,0.42,0,0,0,0.02,0.3,0,0,0,0.96,0,0,0,0,0,0,0,0.95,0,0,0,0,0,0,0,0,0,0.16,0,0,0,0,0,0,0,0,0,0,0,0,0,0,0,0,0,0,0,0,0,0,0,0,0.09,0,0,0,0,0,0,0,70.0,7.4,0.02692
0,4.5,55.74,17.31,0.59,4.21,14.24,0,0.06,0.42,0,0,0,0.02,0.3,0,0,0,0.96,0,0,0,0,0,0,0,0.95,0,0,0,0,0,0,0,0,0,0.16,0,0,0,0,0,0,0,0,0,0,0,0,0,0,0,0,0,0,0,0,0,0,0,0,0.09,0,0,0,0,0,0,0,70.0,8.2,0.05495
0,4.5,55.74,17.31,0.59,4.21,14.24,0,0.06,0.42,0,0,0,0.02,0.3,0,0,0,0.96,0,0,0,0,0,0,0,0.95,0,0,0,0,0,0,0,0,0,0.16,0,0,0,0,0,0,0,0,0,0,0,0,0,0,0,0,0,0,0,0,0,0,0,0,0.09,0,0,0,0,0,0,0,70.0,9.1,0.11482
0,4.5,55.74,17.31,0.59,4.21,14.24,0,0.06,0.42,0,0,0,0.02,0.3,0,0,0,0.96,0,0,0,0,0,0,0,0.95,0,0,0,0,0,0,0,0,0,0.16,0,0,0,0,0,0,0,0,0,0,0,0,0,0,0,0,0,0,0,0,0,0,0,0,0.09,0,0,0,0,0,0,0,70.0,9.9,0.41687
0,4.5,55.74,17.31,0.59,4.21,14.24,0,0.06,0.42,0,0,0,0.02,0.3,0,0,0,0.96,0,0,0,0,0,0,0,0.95,0,0,0,0,0,0,0,0,0,0.16,0,0,0,0,0,0,0,0,0,0,0,0,0,0,0,0,0,0,0,0,0,0,0,0,0.09,0,0,0,0,0,0,0,70.0,11.0,2.45471
0,4.5,55.74,17.31,0.59,4.21,14.24,0,0.06,0.42,0,0,0,0.02,0.3,0,0,0,0.96,0,0,0,0,0,0,0,0.95,0,0,0,0,0,0,0,0,0,0.16,0,0,0,0,0,0,0,0,0,0,0,0,0,0,0,0,0,0,0,0,0,0,0,0,0.09,0,0,0,0,0,0,0,90.0,7.8,0.20893
0,4.5,55.74,17.31,0.59,4.21,14.24,0,0.06,0.42,0,0,0,0.02,0.3,0,0,0,0.96,0,0,0,0,0,0,0,0.95,0,0,0,0,0,0,0,0,0,0.16,0,0,0,0,0,0,0,0,0,0,0,0,0,0,0,0,0,0,0,0,0,0,0,0,0.09,0,0,0,0,0,0,0,90.0,8.7,0.30903
0,4.5,55.74,17.31,0.59,4.21,14.24,0,0.06,0.42,0,0,0,0.02,0.3,0,0,0,0.96,0,0,0,0,0,0,0,0.95,0,0,0,0,0,0,0,0,0,0.16,0,0,0,0,0,0,0,0,0,0,0,0,0,0,0,0,0,0,0,0,0,0,0,0,0.09,0,0,0,0,0,0,0,90.0,9.6,1.09648
0,4.5,55.74,17.31,0.59,4.21,14.24,0,0.06,0.42,0,0,0,0.02,0.3,0,0,0,0.96,0,0,0,0,0,0,0,0.95,0,0,0,0,0,0,0,0,0,0.16,0,0,0,0,0,0,0,0,0,0,0,0,0,0,0,0,0,0,0,0,0,0,0,0,0.09,0,0,0,0,0,0,0,90.0,10.7,5.7544
0,6.02,56.08,16.23,0.52,4.11,13.5,0,0.22,0.73,0.09,0,0,0,0.09,0,0,0,0.77,0,0,0,0,0,0,0,1.02,0,0,0,0,0,0,0,0,0,0.32,0,0,0,0,0,0,0,0,0,0,0,0,0,0,0,0,0,0,0,0,0,0,0,0,0.04,0,0,0,0,0,0,0,23.0,8.0,0.00042
0,6.02,56.08,16.23,0.52,4.11,13.5,0,0.22,0.73,0.09,0,0,0,0.09,0,0,0,0.77,0,0,0,0,0,0,0,1.02,0,0,0,0,0,0,0,0,0,0.32,0,0,0,0,0,0,0,0,0,0,0,0,0,0,0,0,0,0,0,0,0,0,0,0,0.04,0,0,0,0,0,0,0,23.0,9.0,0.00129
0,6.02,56.08,16.23,0.52,4.11,13.5,0,0.22,0.73,0.09,0,0,0,0.09,0,0,0,0.77,0,0,0,0,0,0,0,1.02,0,0,0,0,0,0,0,0,0,0.32,0,0,0,0,0,0,0,0,0,0,0,0,0,0,0,0,0,0,0,0,0,0,0,0,0.04,0,0,0,0,0,0,0,23.0,10.0,0.00661
0,6.02,56.08,16.23,0.52,4.11,13.5,0,0.22,0.73,0.09,0,0,0,0.09,0,0,0,0.77,0,0,0,0,0,0,0,1.02,0,0,0,0,0,0,0,0,0,0.32,0,0,0,0,0,0,0,0,0,0,0,0,0,0,0,0,0,0,0,0,0,0,0,0,0.04,0,0,0,0,0,0,0,23.0,11.0,0.0195
0,6.02,56.08,16.23,0.52,4.11,13.5,0,0.22,0.73,0.09,0,0,0,0.09,0,0,0,0.77,0,0,0,0,0,0,0,1.02,0,0,0,0,0,0,0,0,0,0.32,0,0,0,0,0,0,0,0,0,0,0,0,0,0,0,0,0,0,0,0,0,0,0,0,0.04,0,0,0,0,0,0,0,23.0,12.0,0.04571
0,6.02,56.08,16.23,0.52,4.11,13.5,0,0.22,0.73,0.09,0,0,0,0.09,0,0,0,0.77,0,0,0,0,0,0,0,1.02,0,0,0,0,0,0,0,0,0,0.32,0,0,0,0,0,0,0,0,0,0,0,0,0,0,0,0,0,0,0,0,0,0,0,0,0.04,0,0,0,0,0,0,0,40.0,8.6,0.00776
0,6.02,56.08,16.23,0.52,4.11,13.5,0,0.22,0.73,0.09,0,0,0,0.09,0,0,0,0.77,0,0,0,0,0,0,0,1.02,0,0,0,0,0,0,0,0,0,0.32,0,0,0,0,0,0,0,0,0,0,0,0,0,0,0,0,0,0,0,0,0,0,0,0,0.04,0,0,0,0,0,0,0,40.0,9.6,0.0263
0,6.02,56.08,16.23,0.52,4.11,13.5,0,0.22,0.73,0.09,0,0,0,0.09,0,0,0,0.77,0,0,0,0,0,0,0,1.02,0,0,0,0,0,0,0,0,0,0.32,0,0,0,0,0,0,0,0,0,0,0,0,0,0,0,0,0,0,0,0,0,0,0,0,0.04,0,0,0,0,0,0,0,40.0,10.7,0.07586
0,6.02,56.08,16.23,0.52,4.11,13.5,0,0.22,0.73,0.09,0,0,0,0.09,0,0,0,0.77,0,0,0,0,0,0,0,1.02,0,0,0,0,0,0,0,0,0,0.32,0,0,0,0,0,0,0,0,0,0,0,0,0,0,0,0,0,0,0,0,0,0,0,0,0.04,0,0,0,0,0,0,0,40.0,11.6,0.15849
0,6.02,56.08,16.23,0.52,4.11,13.5,0,0.22,0.73,0.09,0,0,0,0.09,0,0,0,0.77,0,0,0,0,0,0,0,1.02,0,0,0,0,0,0,0,0,0,0.32,0,0,0,0,0,0,0,0,0,0,0,0,0,0,0,0,0,0,0,0,0,0,0,0,0.04,0,0,0,0,0,0,0,70.0,8.0,0.04467
0,6.02,56.08,16.23,0.52,4.11,13.5,0,0.22,0.73,0.09,0,0,0,0.09,0,0,0,0.77,0,0,0,0,0,0,0,1.02,0,0,0,0,0,0,0,0,0,0.32,0,0,0,0,0,0,0,0,0,0,0,0,0,0,0,0,0,0,0,0,0,0,0,0,0.04,0,0,0,0,0,0,0,70.0,9.0,0.12303
0,6.02,56.08,16.23,0.52,4.11,13.5,0,0.22,0.73,0.09,0,0,0,0.09,0,0,0,0.77,0,0,0,0,0,0,0,1.02,0,0,0,0,0,0,0,0,0,0.32,0,0,0,0,0,0,0,0,0,0,0,0,0,0,0,0,0,0,0,0,0,0,0,0,0.04,0,0,0,0,0,0,0,70.0,10.0,0.37154
0,6.02,56.08,16.23,0.52,4.11,13.5,0,0.22,0.73,0.09,0,0,0,0.09,0,0,0,0.77,0,0,0,0,0,0,0,1.02,0,0,0,0,0,0,0,0,0,0.32,0,0,0,0,0,0,0,0,0,0,0,0,0,0,0,0,0,0,0,0,0,0,0,0,0.04,0,0,0,0,0,0,0,70.0,10.9,1.04713
0,6.02,56.08,16.23,0.52,4.11,13.5,0,0.22,0.73,0.09,0,0,0,0.09,0,0,0,0.77,0,0,0,0,0,0,0,1.02,0,0,0,0,0,0,0,0,0,0.32,0,0,0,0,0,0,0,0,0,0,0,0,0,0,0,0,0,0,0,0,0,0,0,0,0.04,0,0,0,0,0,0,0,90.0,7.6,0.15136
0,6.02,56.08,16.23,0.52,4.11,13.5,0,0.22,0.73,0.09,0,0,0,0.09,0,0,0,0.77,0,0,0,0,0,0,0,1.02,0,0,0,0,0,0,0,0,0,0.32,0,0,0,0,0,0,0,0,0,0,0,0,0,0,0,0,0,0,0,0,0,0,0,0,0.04,0,0,0,0,0,0,0,90.0,8.6,0.23442
0,6.02,56.08,16.23,0.52,4.11,13.5,0,0.22,0.73,0.09,0,0,0,0.09,0,0,0,0.77,0,0,0,0,0,0,0,1.02,0,0,0,0,0,0,0,0,0,0.32,0,0,0,0,0,0,0,0,0,0,0,0,0,0,0,0,0,0,0,0,0,0,0,0,0.04,0,0,0,0,0,0,0,90.0,9.6,1.04713
0,6.02,56.08,16.23,0.52,4.11,13.5,0,0.22,0.73,0.09,0,0,0,0.09,0,0,0,0.77,0,0,0,0,0,0,0,1.02,0,0,0,0,0,0,0,0,0,0.32,0,0,0,0,0,0,0,0,0,0,0,0,0,0,0,0,0,0,0,0,0,0,0,0,0.04,0,0,0,0,0,0,0,90.0,10.5,2.88403
3.43,5.8,56.4,10.62,0.53,3.06,14.1,0,0.24,3.67,0,0,0,0,0.06,0,0,0,0.81,0,0,0,0,0,0,0,0.59,0,0,0,0,0,0,0,0,0,0,0,0,0,0,0,0,0,0,0,0,0,0,0,0,0,0,0,0,0,0,0,0,0,0,0.03,0,0,0,0,0,0,0,23.0,8.0,-2.64
3.43,5.8,56.4,10.62,0.53,3.06,14.1,0,0.24,3.67,0,0,0,0,0.06,0,0,0,0.81,0,0,0,0,0,0,0,0.59,0,0,0,0,0,0,0,0,0,0,0,0,0,0,0,0,0,0,0,0,0,0,0,0,0,0,0,0,0,0,0,0,0,0,0.03,0,0,0,0,0,0,0,23.0,9.0,-2.49
3.43,5.8,56.4,10.62,0.53,3.06,14.1,0,0.24,3.67,0,0,0,0,0.06,0,0,0,0.81,0,0,0,0,0,0,0,0.59,0,0,0,0,0,0,0,0,0,0,0,0,0,0,0,0,0,0,0,0,0,0,0,0,0,0,0,0,0,0,0,0,0,0,0.03,0,0,0,0,0,0,0,23.0,10.0,-1.95
3.43,5.8,56.4,10.62,0.53,3.06,14.1,0,0.24,3.67,0,0,0,0,0.06,0,0,0,0.81,0,0,0,0,0,0,0,0.59,0,0,0,0,0,0,0,0,0,0,0,0,0,0,0,0,0,0,0,0,0,0,0,0,0,0,0,0,0,0,0,0,0,0,0.03,0,0,0,0,0,0,0,23.0,11.0,-1.69
3.43,5.8,56.4,10.62,0.53,3.06,14.1,0,0.24,3.67,0,0,0,0,0.06,0,0,0,0.81,0,0,0,0,0,0,0,0.59,0,0,0,0,0,0,0,0,0,0,0,0,0,0,0,0,0,0,0,0,0,0,0,0,0,0,0,0,0,0,0,0,0,0,0.03,0,0,0,0,0,0,0,23.0,12.0,-1.46
3.43,5.8,56.4,10.62,0.53,3.06,14.1,0,0.24,3.67,0,0,0,0,0.06,0,0,0,0.81,0,0,0,0,0,0,0,0.59,0,0,0,0,0,0,0,0,0,0,0,0,0,0,0,0,0,0,0,0,0,0,0,0,0,0,0,0,0,0,0,0,0,0,0.03,0,0,0,0,0,0,0,40.0,8.7,-1.82
3.43,5.8,56.4,10.62,0.53,3.06,14.1,0,0.24,3.67,0,0,0,0,0.06,0,0,0,0.81,0,0,0,0,0,0,0,0.59,0,0,0,0,0,0,0,0,0,0,0,0,0,0,0,0,0,0,0,0,0,0,0,0,0,0,0,0,0,0,0,0,0,0,0.03,0,0,0,0,0,0,0,40.0,9.7,-1.33
3.43,5.8,56.4,10.62,0.53,3.06,14.1,0,0.24,3.67,0,0,0,0,0.06,0,0,0,0.81,0,0,0,0,0,0,0,0.59,0,0,0,0,0,0,0,0,0,0,0,0,0,0,0,0,0,0,0,0,0,0,0,0,0,0,0,0,0,0,0,0,0,0,0.03,0,0,0,0,0,0,0,40.0,10.7,-1.13
3.43,5.8,56.4,10.62,0.53,3.06,14.1,0,0.24,3.67,0,0,0,0,0.06,0,0,0,0.81,0,0,0,0,0,0,0,0.59,0,0,0,0,0,0,0,0,0,0,0,0,0,0,0,0,0,0,0,0,0,0,0,0,0,0,0,0,0,0,0,0,0,0,0.03,0,0,0,0,0,0,0,40.0,11.7,-0.97
3.43,5.8,56.4,10.62,0.53,3.06,14.1,0,0.24,3.67,0,0,0,0,0.06,0,0,0,0.81,0,0,0,0,0,0,0,0.59,0,0,0,0,0,0,0,0,0,0,0,0,0,0,0,0,0,0,0,0,0,0,0,0,0,0,0,0,0,0,0,0,0,0,0.03,0,0,0,0,0,0,0,70.0,8.0,-1.07
3.43,5.8,56.4,10.62,0.53,3.06,14.1,0,0.24,3.67,0,0,0,0,0.06,0,0,0,0.81,0,0,0,0,0,0,0,0.59,0,0,0,0,0,0,0,0,0,0,0,0,0,0,0,0,0,0,0,0,0,0,0,0,0,0,0,0,0,0,0,0,0,0,0.03,0,0,0,0,0,0,0,70.0,8.9,-0.92
3.43,5.8,56.4,10.62,0.53,3.06,14.1,0,0.24,3.67,0,0,0,0,0.06,0,0,0,0.81,0,0,0,0,0,0,0,0.59,0,0,0,0,0,0,0,0,0,0,0,0,0,0,0,0,0,0,0,0,0,0,0,0,0,0,0,0,0,0,0,0,0,0,0.03,0,0,0,0,0,0,0,70.0,9.7,-0.44
3.43,5.8,56.4,10.62,0.53,3.06,14.1,0,0.24,3.67,0,0,0,0,0.06,0,0,0,0.81,0,0,0,0,0,0,0,0.59,0,0,0,0,0,0,0,0,0,0,0,0,0,0,0,0,0,0,0,0,0,0,0,0,0,0,0,0,0,0,0,0,0,0,0.03,0,0,0,0,0,0,0,70.0,10.8,-0.19
3.43,5.8,56.4,10.62,0.53,3.06,14.1,0,0.24,3.67,0,0,0,0,0.06,0,0,0,0.81,0,0,0,0,0,0,0,0.59,0,0,0,0,0,0,0,0,0,0,0,0,0,0,0,0,0,0,0,0,0,0,0,0,0,0,0,0,0,0,0,0,0,0,0.03,0,0,0,0,0,0,0,90.0,7.6,-0.8
3.43,5.8,56.4,10.62,0.53,3.06,14.1,0,0.24,3.67,0,0,0,0,0.06,0,0,0,0.81,0,0,0,0,0,0,0,0.59,0,0,0,0,0,0,0,0,0,0,0,0,0,0,0,0,0,0,0,0,0,0,0,0,0,0,0,0,0,0,0,0,0,0,0.03,0,0,0,0,0,0,0,90.0,8.6,-0.66
3.43,5.8,56.4,10.62,0.53,3.06,14.1,0,0.24,3.67,0,0,0,0,0.06,0,0,0,0.81,0,0,0,0,0,0,0,0.59,0,0,0,0,0,0,0,0,0,0,0,0,0,0,0,0,0,0,0,0,0,0,0,0,0,0,0,0,0,0,0,0,0,0,0.03,0,0,0,0,0,0,0,90.0,9.4,-0.04
3.43,5.8,56.4,10.62,0.53,3.06,14.1,0,0.24,3.67,0,0,0,0,0.06,0,0,0,0.81,0,0,0,0,0,0,0,0.59,0,0,0,0,0,0,0,0,0,0,0,0,0,0,0,0,0,0,0,0,0,0,0,0,0,0,0,0,0,0,0,0,0,0,0.03,0,0,0,0,0,0,0,90.0,10.3,0.07
0,9.57,60.33,7.58,0,2.3,18.0,0,0,1.72,0,0,0,0,0,0,0,0,0,0,0,0,0,0,0,0,0.52,0,0,0,0,0,0,0,0,0,0,0,0,0,0,0,0,0,0,0,0,0,0,0,0,0,0,0,0,0,0,0,0,0,0,0,0,0,0,0,0,0,0,23.0,9.0,-2.38
0,9.57,60.33,7.58,0,2.3,18.0,0,0,1.72,0,0,0,0,0,0,0,0,0,0,0,0,0,0,0,0,0.52,0,0,0,0,0,0,0,0,0,0,0,0,0,0,0,0,0,0,0,0,0,0,0,0,0,0,0,0,0,0,0,0,0,0,0,0,0,0,0,0,0,0,23.0,10.0,-2.05
0,9.57,60.33,7.58,0,2.3,18.0,0,0,1.72,0,0,0,0,0,0,0,0,0,0,0,0,0,0,0,0,0.52,0,0,0,0,0,0,0,0,0,0,0,0,0,0,0,0,0,0,0,0,0,0,0,0,0,0,0,0,0,0,0,0,0,0,0,0,0,0,0,0,0,0,23.0,11.0,-1.75
0,9.57,60.33,7.58,0,2.3,18.0,0,0,1.72,0,0,0,0,0,0,0,0,0,0,0,0,0,0,0,0,0.52,0,0,0,0,0,0,0,0,0,0,0,0,0,0,0,0,0,0,0,0,0,0,0,0,0,0,0,0,0,0,0,0,0,0,0,0,0,0,0,0,0,0,23.0,12.0,-1.37
0,9.57,60.33,7.58,0,2.3,18.0,0,0,1.72,0,0,0,0,0,0,0,0,0,0,0,0,0,0,0,0,0.52,0,0,0,0,0,0,0,0,0,0,0,0,0,0,0,0,0,0,0,0,0,0,0,0,0,0,0,0,0,0,0,0,0,0,0,0,0,0,0,0,0,0,40.0,8.7,-1.78
0,9.57,60.33,7.58,0,2.3,18.0,0,0,1.72,0,0,0,0,0,0,0,0,0,0,0,0,0,0,0,0,0.52,0,0,0,0,0,0,0,0,0,0,0,0,0,0,0,0,0,0,0,0,0,0,0,0,0,0,0,0,0,0,0,0,0,0,0,0,0,0,0,0,0,0,40.0,10.9,-1.0
0,9.57,60.33,7.58,0,2.3,18.0,0,0,1.72,0,0,0,0,0,0,0,0,0,0,0,0,0,0,0,0,0.52,0,0,0,0,0,0,0,0,0,0,0,0,0,0,0,0,0,0,0,0,0,0,0,0,0,0,0,0,0,0,0,0,0,0,0,0,0,0,0,0,0,0,40.0,11.7,-0.41
0,9.57,60.33,7.58,0,2.3,18.0,0,0,1.72,0,0,0,0,0,0,0,0,0,0,0,0,0,0,0,0,0.52,0,0,0,0,0,0,0,0,0,0,0,0,0,0,0,0,0,0,0,0,0,0,0,0,0,0,0,0,0,0,0,0,0,0,0,0,0,0,0,0,0,0,70.0,8.1,-0.93
0,9.57,60.33,7.58,0,2.3,18.0,0,0,1.72,0,0,0,0,0,0,0,0,0,0,0,0,0,0,0,0,0.52,0,0,0,0,0,0,0,0,0,0,0,0,0,0,0,0,0,0,0,0,0,0,0,0,0,0,0,0,0,0,0,0,0,0,0,0,0,0,0,0,0,0,70.0,8.9,-0.25
0,9.57,60.33,7.58,0,2.3,18.0,0,0,1.72,0,0,0,0,0,0,0,0,0,0,0,0,0,0,0,0,0.52,0,0,0,0,0,0,0,0,0,0,0,0,0,0,0,0,0,0,0,0,0,0,0,0,0,0,0,0,0,0,0,0,0,0,0,0,0,0,0,0,0,0,70.0,10.4,-0.02
0,9.57,60.33,7.58,0,2.3,18.0,0,0,1.72,0,0,0,0,0,0,0,0,0,0,0,0,0,0,0,0,0.52,0,0,0,0,0,0,0,0,0,0,0,0,0,0,0,0,0,0,0,0,0,0,0,0,0,0,0,0,0,0,0,0,0,0,0,0,0,0,0,0,0,0,70.0,11.1,0.54
0,9.57,60.33,7.58,0,2.3,18.0,0,0,1.72,0,0,0,0,0,0,0,0,0,0,0,0,0,0,0,0,0.52,0,0,0,0,0,0,0,0,0,0,0,0,0,0,0,0,0,0,0,0,0,0,0,0,0,0,0,0,0,0,0,0,0,0,0,0,0,0,0,0,0,0,90.0,7.7,-0.46
0,9.57,60.33,7.58,0,2.3,18.0,0,0,1.72,0,0,0,0,0,0,0,0,0,0,0,0,0,0,0,0,0.52,0,0,0,0,0,0,0,0,0,0,0,0,0,0,0,0,0,0,0,0,0,0,0,0,0,0,0,0,0,0,0,0,0,0,0,0,0,0,0,0,0,0,90.0,8.5,0.09
0,9.57,60.33,7.58,0,2.3,18.0,0,0,1.72,0,0,0,0,0,0,0,0,0,0,0,0,0,0,0,0,0.52,0,0,0,0,0,0,0,0,0,0,0,0,0,0,0,0,0,0,0,0,0,0,0,0,0,0,0,0,0,0,0,0,0,0,0,0,0,0,0,0,0,0,90.0,10.1,0.57
0,9.57,60.33,7.58,0,2.3,18.0,0,0,1.72,0,0,0,0,0,0,0,0,0,0,0,0,0,0,0,0,0.52,0,0,0,0,0,0,0,0,0,0,0,0,0,0,0,0,0,0,0,0,0,0,0,0,0,0,0,0,0,0,0,0,0,0,0,0,0,0,0,0,0,0,90.0,10.7,0.79
0,8.0,56.31,13.74,0.51,4.06,12.37,0,0.19,2.9,0,0,0,0,0.26,0,0,0,0.75,0,0,0,0,0,0,0,0.49,0,0,0,0,0,0,0,0,0,0,0,0,0,0,0,0,0,0,0,0,0,0,0,0,0,0,0,0,0,0,0,0,0,0,0,0,0,0,0,0,0,0,22.7,11.0,0.1148
0,8.0,56.31,13.74,0.51,4.06,12.37,0,0.19,2.9,0,0,0,0,0.26,0,0,0,0.75,0,0,0,0,0,0,0,0.49,0,0,0,0,0,0,0,0,0,0,0,0,0,0,0,0,0,0,0,0,0,0,0,0,0,0,0,0,0,0,0,0,0,0,0,0,0,0,0,0,0,0,22.7,12.0,0.3631
0,8.0,56.31,13.74,0.51,4.06,12.37,0,0.19,2.9,0,0,0,0,0.26,0,0,0,0.75,0,0,0,0,0,0,0,0.49,0,0,0,0,0,0,0,0,0,0,0,0,0,0,0,0,0,0,0,0,0,0,0,0,0,0,0,0,0,0,0,0,0,0,0,0,0,0,0,0,0,0,40.9,8.7,0.0575
0,8.0,56.31,13.74,0.51,4.06,12.37,0,0.19,2.9,0,0,0,0,0.26,0,0,0,0.75,0,0,0,0,0,0,0,0.49,0,0,0,0,0,0,0,0,0,0,0,0,0,0,0,0,0,0,0,0,0,0,0,0,0,0,0,0,0,0,0,0,0,0,0,0,0,0,0,0,0,0,40.9,9.6,0.1622
0,8.0,56.31,13.74,0.51,4.06,12.37,0,0.19,2.9,0,0,0,0,0.26,0,0,0,0.75,0,0,0,0,0,0,0,0.49,0,0,0,0,0,0,0,0,0,0,0,0,0,0,0,0,0,0,0,0,0,0,0,0,0,0,0,0,0,0,0,0,0,0,0,0,0,0,0,0,0,0,40.2,10.9,0.3311
0,8.0,56.31,13.74,0.51,4.06,12.37,0,0.19,2.9,0,0,0,0,0.26,0,0,0,0.75,0,0,0,0,0,0,0,0.49,0,0,0,0,0,0,0,0,0,0,0,0,0,0,0,0,0,0,0,0,0,0,0,0,0,0,0,0,0,0,0,0,0,0,0,0,0,0,0,0,0,0,39.9,11.7,0.5129
0,8.0,56.31,13.74,0.51,4.06,12.37,0,0.19,2.9,0,0,0,0,0.26,0,0,0,0.75,0,0,0,0,0,0,0,0.49,0,0,0,0,0,0,0,0,0,0,0,0,0,0,0,0,0,0,0,0,0,0,0,0,0,0,0,0,0,0,0,0,0,0,0,0,0,0,0,0,0,0,71.0,8.1,0.8511
0,8.0,56.31,13.74,0.51,4.06,12.37,0,0.19,2.9,0,0,0,0,0.26,0,0,0,0.75,0,0,0,0,0,0,0,0.49,0,0,0,0,0,0,0,0,0,0,0,0,0,0,0,0,0,0,0,0,0,0,0,0,0,0,0,0,0,0,0,0,0,0,0,0,0,0,0,0,0,0,71.0,8.9,1.5488
0,8.0,56.31,13.74,0.51,4.06,12.37,0,0.19,2.9,0,0,0,0,0.26,0,0,0,0.75,0,0,0,0,0,0,0,0.49,0,0,0,0,0,0,0,0,0,0,0,0,0,0,0,0,0,0,0,0,0,0,0,0,0,0,0,0,0,0,0,0,0,0,0,0,0,0,0,0,0,0,70.1,10.4,2.9512
0,8.0,56.31,13.74,0.51,4.06,12.37,0,0.19,2.9,0,0,0,0,0.26,0,0,0,0.75,0,0,0,0,0,0,0,0.49,0,0,0,0,0,0,0,0,0,0,0,0,0,0,0,0,0,0,0,0,0,0,0,0,0,0,0,0,0,0,0,0,0,0,0,0,0,0,0,0,0,0,70.1,11.1,3.8905
0,8.0,56.31,13.74,0.51,4.06,12.37,0,0.19,2.9,0,0,0,0,0.26,0,0,0,0.75,0,0,0,0,0,0,0,0.49,0,0,0,0,0,0,0,0,0,0,0,0,0,0,0,0,0,0,0,0,0,0,0,0,0,0,0,0,0,0,0,0,0,0,0,0,0,0,0,0,0,0,90.6,7.7,1.6218
0,8.0,56.31,13.74,0.51,4.06,12.37,0,0.19,2.9,0,0,0,0,0.26,0,0,0,0.75,0,0,0,0,0,0,0,0.49,0,0,0,0,0,0,0,0,0,0,0,0,0,0,0,0,0,0,0,0,0,0,0,0,0,0,0,0,0,0,0,0,0,0,0,0,0,0,0,0,0,0,90.6,8.5,2.7542
0,8.0,56.31,13.74,0.51,4.06,12.37,0,0.19,2.9,0,0,0,0,0.26,0,0,0,0.75,0,0,0,0,0,0,0,0.49,0,0,0,0,0,0,0,0,0,0,0,0,0,0,0,0,0,0,0,0,0,0,0,0,0,0,0,0,0,0,0,0,0,0,0,0,0,0,0,0,0,0,90.5,10.1,4.8978
0,5.36,57.32,13.54,1.04,2.55,15.55,0,0.23,0.75,0.52,0,0,0,1.84,0,0,0,0.76,0,0,0,0,0,0,0,0.51,0,0,0,0,0,0,0,0,0,0,0,0,0,0,0,0,0,0,0,0,0,0,0,0,0,0,0,0,0,0,0,0,0,0,0.01,0,0,0,0,0,0,0,23.0,9.0,0.0058
0,5.36,57.32,13.54,1.04,2.55,15.55,0,0.23,0.75,0.52,0,0,0,1.84,0,0,0,0.76,0,0,0,0,0,0,0,0.51,0,0,0,0,0,0,0,0,0,0,0,0,0,0,0,0,0,0,0,0,0,0,0,0,0,0,0,0,0,0,0,0,0,0,0.01,0,0,0,0,0,0,0,23.0,10.0,0.0107
0,5.36,57.32,13.54,1.04,2.55,15.55,0,0.23,0.75,0.52,0,0,0,1.84,0,0,0,0.76,0,0,0,0,0,0,0,0.51,0,0,0,0,0,0,0,0,0,0,0,0,0,0,0,0,0,0,0,0,0,0,0,0,0,0,0,0,0,0,0,0,0,0,0.01,0,0,0,0,0,0,0,23.0,11.0,0.0447
0,5.36,57.32,13.54,1.04,2.55,15.55,0,0.23,0.75,0.52,0,0,0,1.84,0,0,0,0.76,0,0,0,0,0,0,0,0.51,0,0,0,0,0,0,0,0,0,0,0,0,0,0,0,0,0,0,0,0,0,0,0,0,0,0,0,0,0,0,0,0,0,0,0.01,0,0,0,0,0,0,0,40.0,8.7,0.0087
0,5.36,57.32,13.54,1.04,2.55,15.55,0,0.23,0.75,0.52,0,0,0,1.84,0,0,0,0.76,0,0,0,0,0,0,0,0.51,0,0,0,0,0,0,0,0,0,0,0,0,0,0,0,0,0,0,0,0,0,0,0,0,0,0,0,0,0,0,0,0,0,0,0.01,0,0,0,0,0,0,0,40.0,9.6,0.0148
0,5.36,57.32,13.54,1.04,2.55,15.55,0,0.23,0.75,0.52,0,0,0,1.84,0,0,0,0.76,0,0,0,0,0,0,0,0.51,0,0,0,0,0,0,0,0,0,0,0,0,0,0,0,0,0,0,0,0,0,0,0,0,0,0,0,0,0,0,0,0,0,0,0.01,0,0,0,0,0,0,0,40.0,10.9,0.0708
0,5.36,57.32,13.54,1.04,2.55,15.55,0,0.23,0.75,0.52,0,0,0,1.84,0,0,0,0.76,0,0,0,0,0,0,0,0.51,0,0,0,0,0,0,0,0,0,0,0,0,0,0,0,0,0,0,0,0,0,0,0,0,0,0,0,0,0,0,0,0,0,0,0.01,0,0,0,0,0,0,0,40.0,11.7,0.1862
0,5.36,57.32,13.54,1.04,2.55,15.55,0,0.23,0.75,0.52,0,0,0,1.84,0,0,0,0.76,0,0,0,0,0,0,0,0.51,0,0,0,0,0,0,0,0,0,0,0,0,0,0,0,0,0,0,0,0,0,0,0,0,0,0,0,0,0,0,0,0,0,0,0.01,0,0,0,0,0,0,0,70.0,7.3,0.0437
0,5.36,57.32,13.54,1.04,2.55,15.55,0,0.23,0.75,0.52,0,0,0,1.84,0,0,0,0.76,0,0,0,0,0,0,0,0.51,0,0,0,0,0,0,0,0,0,0,0,0,0,0,0,0,0,0,0,0,0,0,0,0,0,0,0,0,0,0,0,0,0,0,0.01,0,0,0,0,0,0,0,70.0,8.1,0.1122
0,5.36,57.32,13.54,1.04,2.55,15.55,0,0.23,0.75,0.52,0,0,0,1.84,0,0,0,0.76,0,0,0,0,0,0,0,0.51,0,0,0,0,0,0,0,0,0,0,0,0,0,0,0,0,0,0,0,0,0,0,0,0,0,0,0,0,0,0,0,0,0,0,0.01,0,0,0,0,0,0,0,70.0,8.9,0.257
0,5.36,57.32,13.54,1.04,2.55,15.55,0,0.23,0.75,0.52,0,0,0,1.84,0,0,0,0.76,0,0,0,0,0,0,0,0.51,0,0,0,0,0,0,0,0,0,0,0,0,0,0,0,0,0,0,0,0,0,0,0,0,0,0,0,0,0,0,0,0,0,0,0.01,0,0,0,0,0,0,0,70.0,10.4,1.1749
0,5.36,57.32,13.54,1.04,2.55,15.55,0,0.23,0.75,0.52,0,0,0,1.84,0,0,0,0.76,0,0,0,0,0,0,0,0.51,0,0,0,0,0,0,0,0,0,0,0,0,0,0,0,0,0,0,0,0,0,0,0,0,0,0,0,0,0,0,0,0,0,0,0.01,0,0,0,0,0,0,0,70.0,11.1,3.6308
0,5.36,57.32,13.54,1.04,2.55,15.55,0,0.23,0.75,0.52,0,0,0,1.84,0,0,0,0.76,0,0,0,0,0,0,0,0.51,0,0,0,0,0,0,0,0,0,0,0,0,0,0,0,0,0,0,0,0,0,0,0,0,0,0,0,0,0,0,0,0,0,0,0.01,0,0,0,0,0,0,0,90.0,6.9,0.1
0,5.36,57.32,13.54,1.04,2.55,15.55,0,0.23,0.75,0.52,0,0,0,1.84,0,0,0,0.76,0,0,0,0,0,0,0,0.51,0,0,0,0,0,0,0,0,0,0,0,0,0,0,0,0,0,0,0,0,0,0,0,0,0,0,0,0,0,0,0,0,0,0,0.01,0,0,0,0,0,0,0,90.0,7.7,0.166
0,5.36,57.32,13.54,1.04,2.55,15.55,0,0.23,0.75,0.52,0,0,0,1.84,0,0,0,0.76,0,0,0,0,0,0,0,0.51,0,0,0,0,0,0,0,0,0,0,0,0,0,0,0,0,0,0,0,0,0,0,0,0,0,0,0,0,0,0,0,0,0,0,0.01,0,0,0,0,0,0,0,90.0,8.5,0.3802
0,5.36,57.32,13.54,1.04,2.55,15.55,0,0.23,0.75,0.52,0,0,0,1.84,0,0,0,0.76,0,0,0,0,0,0,0,0.51,0,0,0,0,0,0,0,0,0,0,0,0,0,0,0,0,0,0,0,0,0,0,0,0,0,0,0,0,0,0,0,0,0,0,0.01,0,0,0,0,0,0,0,90.0,10.1,1.3183
0,5.36,57.32,13.54,1.04,2.55,15.55,0,0.23,0.75,0.52,0,0,0,1.84,0,0,0,0.76,0,0,0,0,0,0,0,0.51,0,0,0,0,0,0,0,0,0,0,0,0,0,0,0,0,0,0,0,0,0,0,0,0,0,0,0,0,0,0,0,0,0,0,0.01,0,0,0,0,0,0,0,90.0,10.7,4.8978
0,5.61,57.19,13.63,0.52,4.14,14.72,0,0.98,0,0.66,0,0,0,0.66,0,0,0,0.68,0,0,0,0,0,0,0,0.9,0,0,0,0,0,0,0,0,0,0,0,0,0,0,0,0,0,0,0,0,0,0,0,0,0,0,0,0,0,0,0,0,0,0,0.28,0,0,0,0,0,0,0,23.0,7.1,0.001148
0,5.61,57.19,13.63,0.52,4.14,14.72,0,0.98,0,0.66,0,0,0,0.66,0,0,0,0.68,0,0,0,0,0,0,0,0.9,0,0,0,0,0,0,0,0,0,0,0,0,0,0,0,0,0,0,0,0,0,0,0,0,0,0,0,0,0,0,0,0,0,0,0.28,0,0,0,0,0,0,0,23.0,9.0,0.001318
0,5.61,57.19,13.63,0.52,4.14,14.72,0,0.98,0,0.66,0,0,0,0.66,0,0,0,0.68,0,0,0,0,0,0,0,0.9,0,0,0,0,0,0,0,0,0,0,0,0,0,0,0,0,0,0,0,0,0,0,0,0,0,0,0,0,0,0,0,0,0,0,0.28,0,0,0,0,0,0,0,23.0,9.7,0.003236
0,5.61,57.19,13.63,0.52,4.14,14.72,0,0.98,0,0.66,0,0,0,0.66,0,0,0,0.68,0,0,0,0,0,0,0,0.9,0,0,0,0,0,0,0,0,0,0,0,0,0,0,0,0,0,0,0,0,0,0,0,0,0,0,0,0,0,0,0,0,0,0,0.28,0,0,0,0,0,0,0,23.0,11.1,0.022909
0,5.61,57.19,13.63,0.52,4.14,14.72,0,0.98,0,0.66,0,0,0,0.66,0,0,0,0.68,0,0,0,0,0,0,0,0.9,0,0,0,0,0,0,0,0,0,0,0,0,0,0,0,0,0,0,0,0,0,0,0,0,0,0,0,0,0,0,0,0,0,0,0.28,0,0,0,0,0,0,0,40.0,6.6,0.004074
0,5.61,57.19,13.63,0.52,4.14,14.72,0,0.98,0,0.66,0,0,0,0.66,0,0,0,0.68,0,0,0,0,0,0,0,0.9,0,0,0,0,0,0,0,0,0,0,0,0,0,0,0,0,0,0,0,0,0,0,0,0,0,0,0,0,0,0,0,0,0,0,0.28,0,0,0,0,0,0,0,40.0,7.5,0.007079
0,5.61,57.19,13.63,0.52,4.14,14.72,0,0.98,0,0.66,0,0,0,0.66,0,0,0,0.68,0,0,0,0,0,0,0,0.9,0,0,0,0,0,0,0,0,0,0,0,0,0,0,0,0,0,0,0,0,0,0,0,0,0,0,0,0,0,0,0,0,0,0,0.28,0,0,0,0,0,0,0,40.0,8.4,0.014791
0,5.61,57.19,13.63,0.52,4.14,14.72,0,0.98,0,0.66,0,0,0,0.66,0,0,0,0.68,0,0,0,0,0,0,0,0.9,0,0,0,0,0,0,0,0,0,0,0,0,0,0,0,0,0,0,0,0,0,0,0,0,0,0,0,0,0,0,0,0,0,0,0.28,0,0,0,0,0,0,0,40.0,9.4,0.021878
0,5.61,57.19,13.63,0.52,4.14,14.72,0,0.98,0,0.66,0,0,0,0.66,0,0,0,0.68,0,0,0,0,0,0,0,0.9,0,0,0,0,0,0,0,0,0,0,0,0,0,0,0,0,0,0,0,0,0,0,0,0,0,0,0,0,0,0,0,0,0,0,0.28,0,0,0,0,0,0,0,40.0,10.9,0.107152
0,5.61,57.19,13.63,0.52,4.14,14.72,0,0.98,0,0.66,0,0,0,0.66,0,0,0,0.68,0,0,0,0,0,0,0,0.9,0,0,0,0,0,0,0,0,0,0,0,0,0,0,0,0,0,0,0,0,0,0,0,0,0,0,0,0,0,0,0,0,0,0,0.28,0,0,0,0,0,0,0,70.0,6.9,0.064565
0,5.61,57.19,13.63,0.52,4.14,14.72,0,0.98,0,0.66,0,0,0,0.66,0,0,0,0.68,0,0,0,0,0,0,0,0.9,0,0,0,0,0,0,0,0,0,0,0,0,0,0,0,0,0,0,0,0,0,0,0,0,0,0,0,0,0,0,0,0,0,0,0.28,0,0,0,0,0,0,0,70.0,7.8,0.104713
0,5.61,57.19,13.63,0.52,4.14,14.72,0,0.98,0,0.66,0,0,0,0.66,0,0,0,0.68,0,0,0,0,0,0,0,0.9,0,0,0,0,0,0,0,0,0,0,0,0,0,0,0,0,0,0,0,0,0,0,0,0,0,0,0,0,0,0,0,0,0,0,0.28,0,0,0,0,0,0,0,70.0,8.9,0.169824
6.05,6.94,58.33,4.1,1.44,2.36,15.59,0,0.11,2.31,0,0,0,0,1.29,0,0,0,0.76,0,0,0,0,0,0,0,0.5,0,0,0,0,0,0,0,0,0,0,0,0,0,0,0,0,0,0,0,0,0,0,0,0,0,0,0,0,0,0,0,0,0,0,0.01,0,0,0,0,0,0,0,23.0,9.0,0.001995
6.05,6.94,58.33,4.1,1.44,2.36,15.59,0,0.11,2.31,0,0,0,0,1.29,0,0,0,0.76,0,0,0,0,0,0,0,0.5,0,0,0,0,0,0,0,0,0,0,0,0,0,0,0,0,0,0,0,0,0,0,0,0,0,0,0,0,0,0,0,0,0,0,0.01,0,0,0,0,0,0,0,23.0,10.0,0.006607
6.05,6.94,58.33,4.1,1.44,2.36,15.59,0,0.11,2.31,0,0,0,0,1.29,0,0,0,0.76,0,0,0,0,0,0,0,0.5,0,0,0,0,0,0,0,0,0,0,0,0,0,0,0,0,0,0,0,0,0,0,0,0,0,0,0,0,0,0,0,0,0,0,0.01,0,0,0,0,0,0,0,23.0,11.0,0.019953
6.05,6.94,58.33,4.1,1.44,2.36,15.59,0,0.11,2.31,0,0,0,0,1.29,0,0,0,0.76,0,0,0,0,0,0,0,0.5,0,0,0,0,0,0,0,0,0,0,0,0,0,0,0,0,0,0,0,0,0,0,0,0,0,0,0,0,0,0,0,0,0,0,0.01,0,0,0,0,0,0,0,23.0,12.0,0.034674
6.05,6.94,58.33,4.1,1.44,2.36,15.59,0,0.11,2.31,0,0,0,0,1.29,0,0,0,0.76,0,0,0,0,0,0,0,0.5,0,0,0,0,0,0,0,0,0,0,0,0,0,0,0,0,0,0,0,0,0,0,0,0,0,0,0,0,0,0,0,0,0,0,0.01,0,0,0,0,0,0,0,40.0,7.9,0.005129
6.05,6.94,58.33,4.1,1.44,2.36,15.59,0,0.11,2.31,0,0,0,0,1.29,0,0,0,0.76,0,0,0,0,0,0,0,0.5,0,0,0,0,0,0,0,0,0,0,0,0,0,0,0,0,0,0,0,0,0,0,0,0,0,0,0,0,0,0,0,0,0,0,0.01,0,0,0,0,0,0,0,40.0,8.7,0.007079
6.05,6.94,58.33,4.1,1.44,2.36,15.59,0,0.11,2.31,0,0,0,0,1.29,0,0,0,0.76,0,0,0,0,0,0,0,0.5,0,0,0,0,0,0,0,0,0,0,0,0,0,0,0,0,0,0,0,0,0,0,0,0,0,0,0,0,0,0,0,0,0,0,0.01,0,0,0,0,0,0,0,40.0,9.6,0.023442
6.05,6.94,58.33,4.1,1.44,2.36,15.59,0,0.11,2.31,0,0,0,0,1.29,0,0,0,0.76,0,0,0,0,0,0,0,0.5,0,0,0,0,0,0,0,0,0,0,0,0,0,0,0,0,0,0,0,0,0,0,0,0,0,0,0,0,0,0,0,0,0,0,0.01,0,0,0,0,0,0,0,40.0,10.9,0.077625
6.05,6.94,58.33,4.1,1.44,2.36,15.59,0,0.11,2.31,0,0,0,0,1.29,0,0,0,0.76,0,0,0,0,0,0,0,0.5,0,0,0,0,0,0,0,0,0,0,0,0,0,0,0,0,0,0,0,0,0,0,0,0,0,0,0,0,0,0,0,0,0,0,0.01,0,0,0,0,0,0,0,40.0,11.7,0.085114
6.05,6.94,58.33,4.1,1.44,2.36,15.59,0,0.11,2.31,0,0,0,0,1.29,0,0,0,0.76,0,0,0,0,0,0,0,0.5,0,0,0,0,0,0,0,0,0,0,0,0,0,0,0,0,0,0,0,0,0,0,0,0,0,0,0,0,0,0,0,0,0,0,0.01,0,0,0,0,0,0,0,70.0,7.3,0.019055
6.05,6.94,58.33,4.1,1.44,2.36,15.59,0,0.11,2.31,0,0,0,0,1.29,0,0,0,0.76,0,0,0,0,0,0,0,0.5,0,0,0,0,0,0,0,0,0,0,0,0,0,0,0,0,0,0,0,0,0,0,0,0,0,0,0,0,0,0,0,0,0,0,0.01,0,0,0,0,0,0,0,70.0,8.1,0.054954
6.05,6.94,58.33,4.1,1.44,2.36,15.59,0,0.11,2.31,0,0,0,0,1.29,0,0,0,0.76,0,0,0,0,0,0,0,0.5,0,0,0,0,0,0,0,0,0,0,0,0,0,0,0,0,0,0,0,0,0,0,0,0,0,0,0,0,0,0,0,0,0,0,0.01,0,0,0,0,0,0,0,70.0,8.9,0.123027
6.05,6.94,58.33,4.1,1.44,2.36,15.59,0,0.11,2.31,0,0,0,0,1.29,0,0,0,0.76,0,0,0,0,0,0,0,0.5,0,0,0,0,0,0,0,0,0,0,0,0,0,0,0,0,0,0,0,0,0,0,0,0,0,0,0,0,0,0,0,0,0,0,0.01,0,0,0,0,0,0,0,70.0,10.4,0.57544
6.05,6.94,58.33,4.1,1.44,2.36,15.59,0,0.11,2.31,0,0,0,0,1.29,0,0,0,0.76,0,0,0,0,0,0,0,0.5,0,0,0,0,0,0,0,0,0,0,0,0,0,0,0,0,0,0,0,0,0,0,0,0,0,0,0,0,0,0,0,0,0,0,0.01,0,0,0,0,0,0,0,70.0,11.1,0.501187
6.05,6.94,58.33,4.1,1.44,2.36,15.59,0,0.11,2.31,0,0,0,0,1.29,0,0,0,0.76,0,0,0,0,0,0,0,0.5,0,0,0,0,0,0,0,0,0,0,0,0,0,0,0,0,0,0,0,0,0,0,0,0,0,0,0,0,0,0,0,0,0,0,0.01,0,0,0,0,0,0,0,90.0,7.7,0.021878
6.05,6.94,58.33,4.1,1.44,2.36,15.59,0,0.11,2.31,0,0,0,0,1.29,0,0,0,0.76,0,0,0,0,0,0,0,0.5,0,0,0,0,0,0,0,0,0,0,0,0,0,0,0,0,0,0,0,0,0,0,0,0,0,0,0,0,0,0,0,0,0,0,0.01,0,0,0,0,0,0,0,90.0,8.5,0.537032
6.05,6.94,58.33,4.1,1.44,2.36,15.59,0,0.11,2.31,0,0,0,0,1.29,0,0,0,0.76,0,0,0,0,0,0,0,0.5,0,0,0,0,0,0,0,0,0,0,0,0,0,0,0,0,0,0,0,0,0,0,0,0,0,0,0,0,0,0,0,0,0,0,0.01,0,0,0,0,0,0,0,90.0,10.1,0.831764
3.39,5.84,57.54,9.39,0.76,2.41,15.69,0,0.04,1.84,0.29,0,0,0.01,1.38,0,0,0,0.76,0,0,0,0,0,0,0,0.5,0,0,0,0,0,0,0,0,0,0,0,0,0,0,0,0,0,0,0,0,0,0,0,0,0,0,0,0,0,0,0,0,0,0,0.06,0,0,0,0,0,0,0,23.0,10.0,0.00501
3.39,5.84,57.54,9.39,0.76,2.41,15.69,0,0.04,1.84,0.29,0,0,0.01,1.38,0,0,0,0.76,0,0,0,0,0,0,0,0.5,0,0,0,0,0,0,0,0,0,0,0,0,0,0,0,0,0,0,0,0,0,0,0,0,0,0,0,0,0,0,0,0,0,0,0.06,0,0,0,0,0,0,0,23.0,11.0,0.0174
3.39,5.84,57.54,9.39,0.76,2.41,15.69,0,0.04,1.84,0.29,0,0,0.01,1.38,0,0,0,0.76,0,0,0,0,0,0,0,0.5,0,0,0,0,0,0,0,0,0,0,0,0,0,0,0,0,0,0,0,0,0,0,0,0,0,0,0,0,0,0,0,0,0,0,0.06,0,0,0,0,0,0,0,23.0,12.0,0.0363
3.39,5.84,57.54,9.39,0.76,2.41,15.69,0,0.04,1.84,0.29,0,0,0.01,1.38,0,0,0,0.76,0,0,0,0,0,0,0,0.5,0,0,0,0,0,0,0,0,0,0,0,0,0,0,0,0,0,0,0,0,0,0,0,0,0,0,0,0,0,0,0,0,0,0,0.06,0,0,0,0,0,0,0,40.0,8.7,0.0209
3.39,5.84,57.54,9.39,0.76,2.41,15.69,0,0.04,1.84,0.29,0,0,0.01,1.38,0,0,0,0.76,0,0,0,0,0,0,0,0.5,0,0,0,0,0,0,0,0,0,0,0,0,0,0,0,0,0,0,0,0,0,0,0,0,0,0,0,0,0,0,0,0,0,0,0.06,0,0,0,0,0,0,0,40.0,9.6,0.0407
3.39,5.84,57.54,9.39,0.76,2.41,15.69,0,0.04,1.84,0.29,0,0,0.01,1.38,0,0,0,0.76,0,0,0,0,0,0,0,0.5,0,0,0,0,0,0,0,0,0,0,0,0,0,0,0,0,0,0,0,0,0,0,0,0,0,0,0,0,0,0,0,0,0,0,0.06,0,0,0,0,0,0,0,40.0,10.9,0.105
3.39,5.84,57.54,9.39,0.76,2.41,15.69,0,0.04,1.84,0.29,0,0,0.01,1.38,0,0,0,0.76,0,0,0,0,0,0,0,0.5,0,0,0,0,0,0,0,0,0,0,0,0,0,0,0,0,0,0,0,0,0,0,0,0,0,0,0,0,0,0,0,0,0,0,0.06,0,0,0,0,0,0,0,40.0,11.7,0.158
3.39,5.84,57.54,9.39,0.76,2.41,15.69,0,0.04,1.84,0.29,0,0,0.01,1.38,0,0,0,0.76,0,0,0,0,0,0,0,0.5,0,0,0,0,0,0,0,0,0,0,0,0,0,0,0,0,0,0,0,0,0,0,0,0,0,0,0,0,0,0,0,0,0,0,0.06,0,0,0,0,0,0,0,70.0,7.3,0.0151
3.39,5.84,57.54,9.39,0.76,2.41,15.69,0,0.04,1.84,0.29,0,0,0.01,1.38,0,0,0,0.76,0,0,0,0,0,0,0,0.5,0,0,0,0,0,0,0,0,0,0,0,0,0,0,0,0,0,0,0,0,0,0,0,0,0,0,0,0,0,0,0,0,0,0,0.06,0,0,0,0,0,0,0,70.0,8.1,0.0708
3.39,5.84,57.54,9.39,0.76,2.41,15.69,0,0.04,1.84,0.29,0,0,0.01,1.38,0,0,0,0.76,0,0,0,0,0,0,0,0.5,0,0,0,0,0,0,0,0,0,0,0,0,0,0,0,0,0,0,0,0,0,0,0,0,0,0,0,0,0,0,0,0,0,0,0.06,0,0,0,0,0,0,0,70.0,8.9,0.162
3.39,5.84,57.54,9.39,0.76,2.41,15.69,0,0.04,1.84,0.29,0,0,0.01,1.38,0,0,0,0.76,0,0,0,0,0,0,0,0.5,0,0,0,0,0,0,0,0,0,0,0,0,0,0,0,0,0,0,0,0,0,0,0,0,0,0,0,0,0,0,0,0,0,0,0.06,0,0,0,0,0,0,0,70.0,10.4,0.603
3.39,5.84,57.54,9.39,0.76,2.41,15.69,0,0.04,1.84,0.29,0,0,0.01,1.38,0,0,0,0.76,0,0,0,0,0,0,0,0.5,0,0,0,0,0,0,0,0,0,0,0,0,0,0,0,0,0,0,0,0,0,0,0,0,0,0,0,0,0,0,0,0,0,0,0.06,0,0,0,0,0,0,0,70.0,11.1,0.851
3.39,5.84,57.54,9.39,0.76,2.41,15.69,0,0.04,1.84,0.29,0,0,0.01,1.38,0,0,0,0.76,0,0,0,0,0,0,0,0.5,0,0,0,0,0,0,0,0,0,0,0,0,0,0,0,0,0,0,0,0,0,0,0,0,0,0,0,0,0,0,0,0,0,0,0.06,0,0,0,0,0,0,0,90.0,6.9,0.0832
3.39,5.84,57.54,9.39,0.76,2.41,15.69,0,0.04,1.84,0.29,0,0,0.01,1.38,0,0,0,0.76,0,0,0,0,0,0,0,0.5,0,0,0,0,0,0,0,0,0,0,0,0,0,0,0,0,0,0,0,0,0,0,0,0,0,0,0,0,0,0,0,0,0,0,0.06,0,0,0,0,0,0,0,90.0,7.7,0.245
3.39,5.84,57.54,9.39,0.76,2.41,15.69,0,0.04,1.84,0.29,0,0,0.01,1.38,0,0,0,0.76,0,0,0,0,0,0,0,0.5,0,0,0,0,0,0,0,0,0,0,0,0,0,0,0,0,0,0,0,0,0,0,0,0,0,0,0,0,0,0,0,0,0,0,0.06,0,0,0,0,0,0,0,90.0,8.5,0.589
3.39,5.84,57.54,9.39,0.76,2.41,15.69,0,0.04,1.84,0.29,0,0,0.01,1.38,0,0,0,0.76,0,0,0,0,0,0,0,0.5,0,0,0,0,0,0,0,0,0,0,0,0,0,0,0,0,0,0,0,0,0,0,0,0,0,0,0,0,0,0,0,0,0,0,0.06,0,0,0,0,0,0,0,90.0,10.1,1.29
3.39,5.84,57.54,9.39,0.76,2.41,15.69,0,0.04,1.84,0.29,0,0,0.01,1.38,0,0,0,0.76,0,0,0,0,0,0,0,0.5,0,0,0,0,0,0,0,0,0,0,0,0,0,0,0,0,0,0,0,0,0,0,0,0,0,0,0,0,0,0,0,0,0,0,0.06,0,0,0,0,0,0,0,90.0,10.7,2.34
0,2.92,58.04,13.12,0,4.78,18.92,0,0.63,1.45,0,0,0,0,0,0,0,0,0,0,0,0,0,0,0,0,0,0,0.02,0,0,0,0,0,0,0,0,0,0,0,0,0,0,0,0,0,0,0,0,0,0,0,0,0,0,0,0,0,0,0,0,0.06,0,0,0,0,0,0,0,20.0,5.9,0.000141
0,2.92,58.04,13.12,0,4.78,18.92,0,0.63,1.45,0,0,0,0,0,0,0,0,0,0,0,0,0,0,0,0,0,0,0.02,0,0,0,0,0,0,0,0,0,0,0,0,0,0,0,0,0,0,0,0,0,0,0,0,0,0,0,0,0,0,0,0,0.06,0,0,0,0,0,0,0,20.0,8.1,0.000525
0,2.92,58.04,13.12,0,4.78,18.92,0,0.63,1.45,0,0,0,0,0,0,0,0,0,0,0,0,0,0,0,0,0,0,0.02,0,0,0,0,0,0,0,0,0,0,0,0,0,0,0,0,0,0,0,0,0,0,0,0,0,0,0,0,0,0,0,0,0.06,0,0,0,0,0,0,0,20.0,9.1,0.0017
0,2.92,58.04,13.12,0,4.78,18.92,0,0.63,1.45,0,0,0,0,0,0,0,0,0,0,0,0,0,0,0,0,0,0,0.02,0,0,0,0,0,0,0,0,0,0,0,0,0,0,0,0,0,0,0,0,0,0,0,0,0,0,0,0,0,0,0,0,0.06,0,0,0,0,0,0,0,20.0,10.0,0.0055
0,2.92,58.04,13.12,0,4.78,18.92,0,0.63,1.45,0,0,0,0,0,0,0,0,0,0,0,0,0,0,0,0,0,0,0.02,0,0,0,0,0,0,0,0,0,0,0,0,0,0,0,0,0,0,0,0,0,0,0,0,0,0,0,0,0,0,0,0,0.06,0,0,0,0,0,0,0,20.0,11.1,0.0145
0,2.92,58.04,13.12,0,4.78,18.92,0,0.63,1.45,0,0,0,0,0,0,0,0,0,0,0,0,0,0,0,0,0,0,0.02,0,0,0,0,0,0,0,0,0,0,0,0,0,0,0,0,0,0,0,0,0,0,0,0,0,0,0,0,0,0,0,0,0.06,0,0,0,0,0,0,0,20.0,12.1,0.038
0,2.92,58.04,13.12,0,4.78,18.92,0,0.63,1.45,0,0,0,0,0,0,0,0,0,0,0,0,0,0,0,0,0,0,0.02,0,0,0,0,0,0,0,0,0,0,0,0,0,0,0,0,0,0,0,0,0,0,0,0,0,0,0,0,0,0,0,0,0.06,0,0,0,0,0,0,0,40.0,5.9,0.00275
0,2.92,58.04,13.12,0,4.78,18.92,0,0.63,1.45,0,0,0,0,0,0,0,0,0,0,0,0,0,0,0,0,0,0,0.02,0,0,0,0,0,0,0,0,0,0,0,0,0,0,0,0,0,0,0,0,0,0,0,0,0,0,0,0,0,0,0,0,0.06,0,0,0,0,0,0,0,40.0,7.9,0.00575
0,2.92,58.04,13.12,0,4.78,18.92,0,0.63,1.45,0,0,0,0,0,0,0,0,0,0,0,0,0,0,0,0,0,0,0.02,0,0,0,0,0,0,0,0,0,0,0,0,0,0,0,0,0,0,0,0,0,0,0,0,0,0,0,0,0,0,0,0,0.06,0,0,0,0,0,0,0,40.0,8.3,0.0055
0,2.92,58.04,13.12,0,4.78,18.92,0,0.63,1.45,0,0,0,0,0,0,0,0,0,0,0,0,0,0,0,0,0,0,0.02,0,0,0,0,0,0,0,0,0,0,0,0,0,0,0,0,0,0,0,0,0,0,0,0,0,0,0,0,0,0,0,0,0.06,0,0,0,0,0,0,0,40.0,8.9,0.0166
0,2.92,58.04,13.12,0,4.78,18.92,0,0.63,1.45,0,0,0,0,0,0,0,0,0,0,0,0,0,0,0,0,0,0,0.02,0,0,0,0,0,0,0,0,0,0,0,0,0,0,0,0,0,0,0,0,0,0,0,0,0,0,0,0,0,0,0,0,0.06,0,0,0,0,0,0,0,40.0,9.8,0.0324
0,2.92,58.04,13.12,0,4.78,18.92,0,0.63,1.45,0,0,0,0,0,0,0,0,0,0,0,0,0,0,0,0,0,0,0.02,0,0,0,0,0,0,0,0,0,0,0,0,0,0,0,0,0,0,0,0,0,0,0,0,0,0,0,0,0,0,0,0,0.06,0,0,0,0,0,0,0,40.0,11.5,0.115
0,2.92,58.04,13.12,0,4.78,18.92,0,0.63,1.45,0,0,0,0,0,0,0,0,0,0,0,0,0,0,0,0,0,0,0.02,0,0,0,0,0,0,0,0,0,0,0,0,0,0,0,0,0,0,0,0,0,0,0,0,0,0,0,0,0,0,0,0,0.06,0,0,0,0,0,0,0,70.0,5.9,0.00741
0,2.92,58.04,13.12,0,4.78,18.92,0,0.63,1.45,0,0,0,0,0,0,0,0,0,0,0,0,0,0,0,0,0,0,0.02,0,0,0,0,0,0,0,0,0,0,0,0,0,0,0,0,0,0,0,0,0,0,0,0,0,0,0,0,0,0,0,0,0.06,0,0,0,0,0,0,0,70.0,7.7,0.038
0,2.92,58.04,13.12,0,4.78,18.92,0,0.63,1.45,0,0,0,0,0,0,0,0,0,0,0,0,0,0,0,0,0,0,0.02,0,0,0,0,0,0,0,0,0,0,0,0,0,0,0,0,0,0,0,0,0,0,0,0,0,0,0,0,0,0,0,0,0.06,0,0,0,0,0,0,0,70.0,8.7,0.158
0,2.92,58.04,13.12,0,4.78,18.92,0,0.63,1.45,0,0,0,0,0,0,0,0,0,0,0,0,0,0,0,0,0,0,0.02,0,0,0,0,0,0,0,0,0,0,0,0,0,0,0,0,0,0,0,0,0,0,0,0,0,0,0,0,0,0,0,0,0.06,0,0,0,0,0,0,0,70.0,9.4,0.275
0,2.92,58.04,13.12,0,4.78,18.92,0,0.63,1.45,0,0,0,0,0,0,0,0,0,0,0,0,0,0,0,0,0,0,0.02,0,0,0,0,0,0,0,0,0,0,0,0,0,0,0,0,0,0,0,0,0,0,0,0,0,0,0,0,0,0,0,0,0.06,0,0,0,0,0,0,0,70.0,10.7,0.437
0,2.92,58.04,13.12,0,4.78,18.92,0,0.63,1.45,0,0,0,0,0,0,0,0,0,0,0,0,0,0,0,0,0,0,0.02,0,0,0,0,0,0,0,0,0,0,0,0,0,0,0,0,0,0,0,0,0,0,0,0,0,0,0,0,0,0,0,0,0.06,0,0,0,0,0,0,0,90.0,5.9,0.0316
0,2.92,58.04,13.12,0,4.78,18.92,0,0.63,1.45,0,0,0,0,0,0,0,0,0,0,0,0,0,0,0,0,0,0,0.02,0,0,0,0,0,0,0,0,0,0,0,0,0,0,0,0,0,0,0,0,0,0,0,0,0,0,0,0,0,0,0,0,0.06,0,0,0,0,0,0,0,90.0,7.7,0.295
0,2.92,58.04,13.12,0,4.78,18.92,0,0.63,1.45,0,0,0,0,0,0,0,0,0,0,0,0,0,0,0,0,0,0,0.02,0,0,0,0,0,0,0,0,0,0,0,0,0,0,0,0,0,0,0,0,0,0,0,0,0,0,0,0,0,0,0,0,0.06,0,0,0,0,0,0,0,90.0,8.6,0.692
0,2.92,58.04,13.12,0,4.78,18.92,0,0.63,1.45,0,0,0,0,0,0,0,0,0,0,0,0,0,0,0,0,0,0,0.02,0,0,0,0,0,0,0,0,0,0,0,0,0,0,0,0,0,0,0,0,0,0,0,0,0,0,0,0,0,0,0,0,0.06,0,0,0,0,0,0,0,90.0,9.3,0.617
0,2.92,58.04,13.12,0,4.78,18.92,0,0.63,1.45,0,0,0,0,0,0,0,0,0,0,0,0,0,0,0,0,0,0,0.02,0,0,0,0,0,0,0,0,0,0,0,0,0,0,0,0,0,0,0,0,0,0,0,0,0,0,0,0,0,0,0,0,0.06,0,0,0,0,0,0,0,90.0,10.4,1.51
16.04,26.2,0,13.06,1.65,1.82,38.4,0,0,0,0,0,0,0,1.16,0,0,0,0,0,0,0,0,0,0,0,0.97,0,0.7,0,0,0,0,0,0,0,0,0,0,0,0,0,0,0,0,0,0,0,0,0,0,0,0,0,0,0,0,0,0,0,0,0,0,0,0,0,0,0,0,23.0,8.0,0.0059
16.04,26.2,0,13.06,1.65,1.82,38.4,0,0,0,0,0,0,0,1.16,0,0,0,0,0,0,0,0,0,0,0,0.97,0,0.7,0,0,0,0,0,0,0,0,0,0,0,0,0,0,0,0,0,0,0,0,0,0,0,0,0,0,0,0,0,0,0,0,0,0,0,0,0,0,0,0,23.0,10.0,0.0302
16.04,26.2,0,13.06,1.65,1.82,38.4,0,0,0,0,0,0,0,1.16,0,0,0,0,0,0,0,0,0,0,0,0.97,0,0.7,0,0,0,0,0,0,0,0,0,0,0,0,0,0,0,0,0,0,0,0,0,0,0,0,0,0,0,0,0,0,0,0,0,0,0,0,0,0,0,0,23.0,12.0,0.4898
16.04,26.2,0,13.06,1.65,1.82,38.4,0,0,0,0,0,0,0,1.16,0,0,0,0,0,0,0,0,0,0,0,0.97,0,0.7,0,0,0,0,0,0,0,0,0,0,0,0,0,0,0,0,0,0,0,0,0,0,0,0,0,0,0,0,0,0,0,0,0,0,0,0,0,0,0,0,40.0,7.9,0.0501
16.04,26.2,0,13.06,1.65,1.82,38.4,0,0,0,0,0,0,0,1.16,0,0,0,0,0,0,0,0,0,0,0,0.97,0,0.7,0,0,0,0,0,0,0,0,0,0,0,0,0,0,0,0,0,0,0,0,0,0,0,0,0,0,0,0,0,0,0,0,0,0,0,0,0,0,0,0,40.0,9.8,0.1072
16.04,26.2,0,13.06,1.65,1.82,38.4,0,0,0,0,0,0,0,1.16,0,0,0,0,0,0,0,0,0,0,0,0.97,0,0.7,0,0,0,0,0,0,0,0,0,0,0,0,0,0,0,0,0,0,0,0,0,0,0,0,0,0,0,0,0,0,0,0,0,0,0,0,0,0,0,0,40.0,11.5,2.138
16.04,26.2,0,13.06,1.65,1.82,38.4,0,0,0,0,0,0,0,1.16,0,0,0,0,0,0,0,0,0,0,0,0.97,0,0.7,0,0,0,0,0,0,0,0,0,0,0,0,0,0,0,0,0,0,0,0,0,0,0,0,0,0,0,0,0,0,0,0,0,0,0,0,0,0,0,0,70.0,7.6,0.3981
16.04,26.2,0,13.06,1.65,1.82,38.4,0,0,0,0,0,0,0,1.16,0,0,0,0,0,0,0,0,0,0,0,0.97,0,0.7,0,0,0,0,0,0,0,0,0,0,0,0,0,0,0,0,0,0,0,0,0,0,0,0,0,0,0,0,0,0,0,0,0,0,0,0,0,0,0,0,70.0,9.3,2.5704
16.04,26.2,0,13.06,1.65,1.82,38.4,0,0,0,0,0,0,0,1.16,0,0,0,0,0,0,0,0,0,0,0,0.97,0,0.7,0,0,0,0,0,0,0,0,0,0,0,0,0,0,0,0,0,0,0,0,0,0,0,0,0,0,0,0,0,0,0,0,0,0,0,0,0,0,0,0,70.0,10.7,12.0226
14.96,26.26,0,12.87,2.1,2.38,38.03,0,0,0,0,0,0,0,1.34,0,0,0,0,0,0,0,0,0,0,0,1.17,0,0.89,0,0,0,0,0,0,0,0,0,0,0,0,0,0,0,0,0,0,0,0,0,0,0,0,0,0,0,0,0,0,0,0,0,0,0,0,0,0,0,0,23.0,8.0,0.005
14.96,26.26,0,12.87,2.1,2.38,38.03,0,0,0,0,0,0,0,1.34,0,0,0,0,0,0,0,0,0,0,0,1.17,0,0.89,0,0,0,0,0,0,0,0,0,0,0,0,0,0,0,0,0,0,0,0,0,0,0,0,0,0,0,0,0,0,0,0,0,0,0,0,0,0,0,0,23.0,10.0,0.024
14.96,26.26,0,12.87,2.1,2.38,38.03,0,0,0,0,0,0,0,1.34,0,0,0,0,0,0,0,0,0,0,0,1.17,0,0.89,0,0,0,0,0,0,0,0,0,0,0,0,0,0,0,0,0,0,0,0,0,0,0,0,0,0,0,0,0,0,0,0,0,0,0,0,0,0,0,0,23.0,12.0,0.537
14.96,26.26,0,12.87,2.1,2.38,38.03,0,0,0,0,0,0,0,1.34,0,0,0,0,0,0,0,0,0,0,0,1.17,0,0.89,0,0,0,0,0,0,0,0,0,0,0,0,0,0,0,0,0,0,0,0,0,0,0,0,0,0,0,0,0,0,0,0,0,0,0,0,0,0,0,0,40.0,7.9,0.0219
14.96,26.26,0,12.87,2.1,2.38,38.03,0,0,0,0,0,0,0,1.34,0,0,0,0,0,0,0,0,0,0,0,1.17,0,0.89,0,0,0,0,0,0,0,0,0,0,0,0,0,0,0,0,0,0,0,0,0,0,0,0,0,0,0,0,0,0,0,0,0,0,0,0,0,0,0,0,40.0,9.8,0.1905
14.96,26.26,0,12.87,2.1,2.38,38.03,0,0,0,0,0,0,0,1.34,0,0,0,0,0,0,0,0,0,0,0,1.17,0,0.89,0,0,0,0,0,0,0,0,0,0,0,0,0,0,0,0,0,0,0,0,0,0,0,0,0,0,0,0,0,0,0,0,0,0,0,0,0,0,0,0,40.0,11.5,2.6303
14.96,26.26,0,12.87,2.1,2.38,38.03,0,0,0,0,0,0,0,1.34,0,0,0,0,0,0,0,0,0,0,0,1.17,0,0.89,0,0,0,0,0,0,0,0,0,0,0,0,0,0,0,0,0,0,0,0,0,0,0,0,0,0,0,0,0,0,0,0,0,0,0,0,0,0,0,0,70.0,7.6,0.3715
14.96,26.26,0,12.87,2.1,2.38,38.03,0,0,0,0,0,0,0,1.34,0,0,0,0,0,0,0,0,0,0,0,1.17,0,0.89,0,0,0,0,0,0,0,0,0,0,0,0,0,0,0,0,0,0,0,0,0,0,0,0,0,0,0,0,0,0,0,0,0,0,0,0,0,0,0,0,70.0,9.3,1.5849
14.96,26.26,0,12.87,2.1,2.38,38.03,0,0,0,0,0,0,0,1.34,0,0,0,0,0,0,0,0,0,0,0,1.17,0,0.89,0,0,0,0,0,0,0,0,0,0,0,0,0,0,0,0,0,0,0,0,0,0,0,0,0,0,0,0,0,0,0,0,0,0,0,0,0,0,0,0,70.0,10.7,4.8978
0,13.87,0,34.46,1.2,9.47,30.27,0,3.45,1.68,0.36,0,0,0,0.36,0,0,0,1.78,0,0,0,0,0,0,0,2.36,0,0,0,0,0,0,0,0,0,0.74,0,0,0,0,0,0,0,0,0,0,0,0,0,0,0,0,0,0,0,0,0,0,0,0,0,0,0,0,0,0,0,0,22.0,9.0,0.00288
0,13.87,0,34.46,1.2,9.47,30.27,0,3.45,1.68,0.36,0,0,0,0.36,0,0,0,1.78,0,0,0,0,0,0,0,2.36,0,0,0,0,0,0,0,0,0,0.74,0,0,0,0,0,0,0,0,0,0,0,0,0,0,0,0,0,0,0,0,0,0,0,0,0,0,0,0,0,0,0,0,22.0,10.0,0.00676
0,13.87,0,34.46,1.2,9.47,30.27,0,3.45,1.68,0.36,0,0,0,0.36,0,0,0,1.78,0,0,0,0,0,0,0,2.36,0,0,0,0,0,0,0,0,0,0.74,0,0,0,0,0,0,0,0,0,0,0,0,0,0,0,0,0,0,0,0,0,0,0,0,0,0,0,0,0,0,0,0,22.0,11.0,0.0302
0,13.87,0,34.46,1.2,9.47,30.27,0,3.45,1.68,0.36,0,0,0,0.36,0,0,0,1.78,0,0,0,0,0,0,0,2.36,0,0,0,0,0,0,0,0,0,0.74,0,0,0,0,0,0,0,0,0,0,0,0,0,0,0,0,0,0,0,0,0,0,0,0,0,0,0,0,0,0,0,0,22.0,12.0,0.13804
0,13.87,0,34.46,1.2,9.47,30.27,0,3.45,1.68,0.36,0,0,0,0.36,0,0,0,1.78,0,0,0,0,0,0,0,2.36,0,0,0,0,0,0,0,0,0,0.74,0,0,0,0,0,0,0,0,0,0,0,0,0,0,0,0,0,0,0,0,0,0,0,0,0,0,0,0,0,0,0,0,40.8,8.7,0.01288
0,13.87,0,34.46,1.2,9.47,30.27,0,3.45,1.68,0.36,0,0,0,0.36,0,0,0,1.78,0,0,0,0,0,0,0,2.36,0,0,0,0,0,0,0,0,0,0.74,0,0,0,0,0,0,0,0,0,0,0,0,0,0,0,0,0,0,0,0,0,0,0,0,0,0,0,0,0,0,0,0,40.9,9.6,0.03236
0,13.87,0,34.46,1.2,9.47,30.27,0,3.45,1.68,0.36,0,0,0,0.36,0,0,0,1.78,0,0,0,0,0,0,0,2.36,0,0,0,0,0,0,0,0,0,0.74,0,0,0,0,0,0,0,0,0,0,0,0,0,0,0,0,0,0,0,0,0,0,0,0,0,0,0,0,0,0,0,0,40.9,10.9,0.14125
0,13.87,0,34.46,1.2,9.47,30.27,0,3.45,1.68,0.36,0,0,0,0.36,0,0,0,1.78,0,0,0,0,0,0,0,2.36,0,0,0,0,0,0,0,0,0,0.74,0,0,0,0,0,0,0,0,0,0,0,0,0,0,0,0,0,0,0,0,0,0,0,0,0,0,0,0,0,0,0,0,40.9,11.7,0.60256
0,13.87,0,34.46,1.2,9.47,30.27,0,3.45,1.68,0.36,0,0,0,0.36,0,0,0,1.78,0,0,0,0,0,0,0,2.36,0,0,0,0,0,0,0,0,0,0.74,0,0,0,0,0,0,0,0,0,0,0,0,0,0,0,0,0,0,0,0,0,0,0,0,0,0,0,0,0,0,0,0,73.0,8.1,0.06457
0,13.87,0,34.46,1.2,9.47,30.27,0,3.45,1.68,0.36,0,0,0,0.36,0,0,0,1.78,0,0,0,0,0,0,0,2.36,0,0,0,0,0,0,0,0,0,0.74,0,0,0,0,0,0,0,0,0,0,0,0,0,0,0,0,0,0,0,0,0,0,0,0,0,0,0,0,0,0,0,0,70.3,8.9,0.19498
0,13.87,0,34.46,1.2,9.47,30.27,0,3.45,1.68,0.36,0,0,0,0.36,0,0,0,1.78,0,0,0,0,0,0,0,2.36,0,0,0,0,0,0,0,0,0,0.74,0,0,0,0,0,0,0,0,0,0,0,0,0,0,0,0,0,0,0,0,0,0,0,0,0,0,0,0,0,0,0,0,70.3,10.4,0.93325
0,13.87,0,34.46,1.2,9.47,30.27,0,3.45,1.68,0.36,0,0,0,0.36,0,0,0,1.78,0,0,0,0,0,0,0,2.36,0,0,0,0,0,0,0,0,0,0.74,0,0,0,0,0,0,0,0,0,0,0,0,0,0,0,0,0,0,0,0,0,0,0,0,0,0,0,0,0,0,0,0,70.6,11.1,3.46737
0,13.87,0,34.46,1.2,9.47,30.27,0,3.45,1.68,0.36,0,0,0,0.36,0,0,0,1.78,0,0,0,0,0,0,0,2.36,0,0,0,0,0,0,0,0,0,0.74,0,0,0,0,0,0,0,0,0,0,0,0,0,0,0,0,0,0,0,0,0,0,0,0,0,0,0,0,0,0,0,0,89.8,7.7,0.13804
0,13.87,0,34.46,1.2,9.47,30.27,0,3.45,1.68,0.36,0,0,0,0.36,0,0,0,1.78,0,0,0,0,0,0,0,2.36,0,0,0,0,0,0,0,0,0,0.74,0,0,0,0,0,0,0,0,0,0,0,0,0,0,0,0,0,0,0,0,0,0,0,0,0,0,0,0,0,0,0,0,90.4,8.5,1.07152
0,13.87,0,34.46,1.2,9.47,30.27,0,3.45,1.68,0.36,0,0,0,0.36,0,0,0,1.78,0,0,0,0,0,0,0,2.36,0,0,0,0,0,0,0,0,0,0.74,0,0,0,0,0,0,0,0,0,0,0,0,0,0,0,0,0,0,0,0,0,0,0,0,0,0,0,0,0,0,0,0,90.6,10.1,3.38844
0,13.87,0,34.46,1.2,9.47,30.27,0,3.45,1.68,0.36,0,0,0,0.36,0,0,0,1.78,0,0,0,0,0,0,0,2.36,0,0,0,0,0,0,0,0,0,0.74,0,0,0,0,0,0,0,0,0,0,0,0,0,0,0,0,0,0,0,0,0,0,0,0,0,0,0,0,0,0,0,0,91.1,10.7,11.48154
0,15.19,0,35.7,1.2,8.71,32.69,0,0.52,2.14,0,0,0,0,0.11,0,0,0,1.78,0,0,0,0,0,0,0,1.96,0,0,0,0,0,0,0,0,0,0,0,0,0,0,0,0,0,0,0,0,0,0,0,0,0,0,0,0,0,0,0,0,0,0,0,0,0,0,0,0,0,0,22.0,9.0,0.00263
0,15.19,0,35.7,1.2,8.71,32.69,0,0.52,2.14,0,0,0,0,0.11,0,0,0,1.78,0,0,0,0,0,0,0,1.96,0,0,0,0,0,0,0,0,0,0,0,0,0,0,0,0,0,0,0,0,0,0,0,0,0,0,0,0,0,0,0,0,0,0,0,0,0,0,0,0,0,0,22.0,10.0,0.0055
0,15.19,0,35.7,1.2,8.71,32.69,0,0.52,2.14,0,0,0,0,0.11,0,0,0,1.78,0,0,0,0,0,0,0,1.96,0,0,0,0,0,0,0,0,0,0,0,0,0,0,0,0,0,0,0,0,0,0,0,0,0,0,0,0,0,0,0,0,0,0,0,0,0,0,0,0,0,0,22.0,11.0,0.03311
0,15.19,0,35.7,1.2,8.71,32.69,0,0.52,2.14,0,0,0,0,0.11,0,0,0,1.78,0,0,0,0,0,0,0,1.96,0,0,0,0,0,0,0,0,0,0,0,0,0,0,0,0,0,0,0,0,0,0,0,0,0,0,0,0,0,0,0,0,0,0,0,0,0,0,0,0,0,0,22.0,12.0,0.14791
0,15.19,0,35.7,1.2,8.71,32.69,0,0.52,2.14,0,0,0,0,0.11,0,0,0,1.78,0,0,0,0,0,0,0,1.96,0,0,0,0,0,0,0,0,0,0,0,0,0,0,0,0,0,0,0,0,0,0,0,0,0,0,0,0,0,0,0,0,0,0,0,0,0,0,0,0,0,0,40.8,8.7,0.01148
0,15.19,0,35.7,1.2,8.71,32.69,0,0.52,2.14,0,0,0,0,0.11,0,0,0,1.78,0,0,0,0,0,0,0,1.96,0,0,0,0,0,0,0,0,0,0,0,0,0,0,0,0,0,0,0,0,0,0,0,0,0,0,0,0,0,0,0,0,0,0,0,0,0,0,0,0,0,0,40.9,9.6,0.0309
0,15.19,0,35.7,1.2,8.71,32.69,0,0.52,2.14,0,0,0,0,0.11,0,0,0,1.78,0,0,0,0,0,0,0,1.96,0,0,0,0,0,0,0,0,0,0,0,0,0,0,0,0,0,0,0,0,0,0,0,0,0,0,0,0,0,0,0,0,0,0,0,0,0,0,0,0,0,0,40.9,10.9,0.14454
0,15.19,0,35.7,1.2,8.71,32.69,0,0.52,2.14,0,0,0,0,0.11,0,0,0,1.78,0,0,0,0,0,0,0,1.96,0,0,0,0,0,0,0,0,0,0,0,0,0,0,0,0,0,0,0,0,0,0,0,0,0,0,0,0,0,0,0,0,0,0,0,0,0,0,0,0,0,0,40.9,11.7,0.85114
0,15.19,0,35.7,1.2,8.71,32.69,0,0.52,2.14,0,0,0,0,0.11,0,0,0,1.78,0,0,0,0,0,0,0,1.96,0,0,0,0,0,0,0,0,0,0,0,0,0,0,0,0,0,0,0,0,0,0,0,0,0,0,0,0,0,0,0,0,0,0,0,0,0,0,0,0,0,0,73.0,8.1,0.08318
0,15.19,0,35.7,1.2,8.71,32.69,0,0.52,2.14,0,0,0,0,0.11,0,0,0,1.78,0,0,0,0,0,0,0,1.96,0,0,0,0,0,0,0,0,0,0,0,0,0,0,0,0,0,0,0,0,0,0,0,0,0,0,0,0,0,0,0,0,0,0,0,0,0,0,0,0,0,0,70.3,8.9,0.16596
0,15.19,0,35.7,1.2,8.71,32.69,0,0.52,2.14,0,0,0,0,0.11,0,0,0,1.78,0,0,0,0,0,0,0,1.96,0,0,0,0,0,0,0,0,0,0,0,0,0,0,0,0,0,0,0,0,0,0,0,0,0,0,0,0,0,0,0,0,0,0,0,0,0,0,0,0,0,0,70.3,10.4,0.85114
0,15.19,0,35.7,1.2,8.71,32.69,0,0.52,2.14,0,0,0,0,0.11,0,0,0,1.78,0,0,0,0,0,0,0,1.96,0,0,0,0,0,0,0,0,0,0,0,0,0,0,0,0,0,0,0,0,0,0,0,0,0,0,0,0,0,0,0,0,0,0,0,0,0,0,0,0,0,0,70.6,11.1,3.63078
0,15.19,0,35.7,1.2,8.71,32.69,0,0.52,2.14,0,0,0,0,0.11,0,0,0,1.78,0,0,0,0,0,0,0,1.96,0,0,0,0,0,0,0,0,0,0,0,0,0,0,0,0,0,0,0,0,0,0,0,0,0,0,0,0,0,0,0,0,0,0,0,0,0,0,0,0,0,0,89.8,7.7,0.22387
0,15.19,0,35.7,1.2,8.71,32.69,0,0.52,2.14,0,0,0,0,0.11,0,0,0,1.78,0,0,0,0,0,0,0,1.96,0,0,0,0,0,0,0,0,0,0,0,0,0,0,0,0,0,0,0,0,0,0,0,0,0,0,0,0,0,0,0,0,0,0,0,0,0,0,0,0,0,0,90.4,8.5,0.91201
0,15.19,0,35.7,1.2,8.71,32.69,0,0.52,2.14,0,0,0,0,0.11,0,0,0,1.78,0,0,0,0,0,0,0,1.96,0,0,0,0,0,0,0,0,0,0,0,0,0,0,0,0,0,0,0,0,0,0,0,0,0,0,0,0,0,0,0,0,0,0,0,0,0,0,0,0,0,0,90.6,10.1,3.98107
0,15.19,0,35.7,1.2,8.71,32.69,0,0.52,2.14,0,0,0,0,0.11,0,0,0,1.78,0,0,0,0,0,0,0,1.96,0,0,0,0,0,0,0,0,0,0,0,0,0,0,0,0,0,0,0,0,0,0,0,0,0,0,0,0,0,0,0,0,0,0,0,0,0,0,0,0,0,0,91.1,10.7,10.96478
0,11.99,0,33.26,1.17,6.51,33.35,0,6.0,2.36,0,0,0,0,0.13,0,0,0,2.05,0,0,0,0,0,0,0,2.26,0,0,0,0,0,0,0,0,0,0.92,0,0,0,0,0,0,0,0,0,0,0,0,0,0,0,0,0,0,0,0,0,0,0,0,0,0,0,0,0,0,0,0,22.7,9.0,-2.78
0,11.99,0,33.26,1.17,6.51,33.35,0,6.0,2.36,0,0,0,0,0.13,0,0,0,2.05,0,0,0,0,0,0,0,2.26,0,0,0,0,0,0,0,0,0,0.92,0,0,0,0,0,0,0,0,0,0,0,0,0,0,0,0,0,0,0,0,0,0,0,0,0,0,0,0,0,0,0,0,22.7,10.0,-2.09
0,11.99,0,33.26,1.17,6.51,33.35,0,6.0,2.36,0,0,0,0,0.13,0,0,0,2.05,0,0,0,0,0,0,0,2.26,0,0,0,0,0,0,0,0,0,0.92,0,0,0,0,0,0,0,0,0,0,0,0,0,0,0,0,0,0,0,0,0,0,0,0,0,0,0,0,0,0,0,0,22.7,11.0,-2.13
0,11.99,0,33.26,1.17,6.51,33.35,0,6.0,2.36,0,0,0,0,0.13,0,0,0,2.05,0,0,0,0,0,0,0,2.26,0,0,0,0,0,0,0,0,0,0.92,0,0,0,0,0,0,0,0,0,0,0,0,0,0,0,0,0,0,0,0,0,0,0,0,0,0,0,0,0,0,0,0,40.9,8.7,-2.13
0,11.99,0,33.26,1.17,6.51,33.35,0,6.0,2.36,0,0,0,0,0.13,0,0,0,2.05,0,0,0,0,0,0,0,2.26,0,0,0,0,0,0,0,0,0,0.92,0,0,0,0,0,0,0,0,0,0,0,0,0,0,0,0,0,0,0,0,0,0,0,0,0,0,0,0,0,0,0,0,40.9,9.6,-1.92
0,11.99,0,33.26,1.17,6.51,33.35,0,6.0,2.36,0,0,0,0,0.13,0,0,0,2.05,0,0,0,0,0,0,0,2.26,0,0,0,0,0,0,0,0,0,0.92,0,0,0,0,0,0,0,0,0,0,0,0,0,0,0,0,0,0,0,0,0,0,0,0,0,0,0,0,0,0,0,0,40.2,10.9,-1.58
0,11.99,0,33.26,1.17,6.51,33.35,0,6.0,2.36,0,0,0,0,0.13,0,0,0,2.05,0,0,0,0,0,0,0,2.26,0,0,0,0,0,0,0,0,0,0.92,0,0,0,0,0,0,0,0,0,0,0,0,0,0,0,0,0,0,0,0,0,0,0,0,0,0,0,0,0,0,0,0,39.9,11.7,-1.08
0,11.99,0,33.26,1.17,6.51,33.35,0,6.0,2.36,0,0,0,0,0.13,0,0,0,2.05,0,0,0,0,0,0,0,2.26,0,0,0,0,0,0,0,0,0,0.92,0,0,0,0,0,0,0,0,0,0,0,0,0,0,0,0,0,0,0,0,0,0,0,0,0,0,0,0,0,0,0,0,71.0,8.1,-0.6
0,11.99,0,33.26,1.17,6.51,33.35,0,6.0,2.36,0,0,0,0,0.13,0,0,0,2.05,0,0,0,0,0,0,0,2.26,0,0,0,0,0,0,0,0,0,0.92,0,0,0,0,0,0,0,0,0,0,0,0,0,0,0,0,0,0,0,0,0,0,0,0,0,0,0,0,0,0,0,0,71.0,8.9,-0.5
0,11.99,0,33.26,1.17,6.51,33.35,0,6.0,2.36,0,0,0,0,0.13,0,0,0,2.05,0,0,0,0,0,0,0,2.26,0,0,0,0,0,0,0,0,0,0.92,0,0,0,0,0,0,0,0,0,0,0,0,0,0,0,0,0,0,0,0,0,0,0,0,0,0,0,0,0,0,0,0,70.1,10.4,-0.37
0,11.99,0,33.26,1.17,6.51,33.35,0,6.0,2.36,0,0,0,0,0.13,0,0,0,2.05,0,0,0,0,0,0,0,2.26,0,0,0,0,0,0,0,0,0,0.92,0,0,0,0,0,0,0,0,0,0,0,0,0,0,0,0,0,0,0,0,0,0,0,0,0,0,0,0,0,0,0,0,70.1,11.1,0.41
0,11.99,0,33.26,1.17,6.51,33.35,0,6.0,2.36,0,0,0,0,0.13,0,0,0,2.05,0,0,0,0,0,0,0,2.26,0,0,0,0,0,0,0,0,0,0.92,0,0,0,0,0,0,0,0,0,0,0,0,0,0,0,0,0,0,0,0,0,0,0,0,0,0,0,0,0,0,0,0,90.6,7.7,-0.5
0,11.99,0,33.26,1.17,6.51,33.35,0,6.0,2.36,0,0,0,0,0.13,0,0,0,2.05,0,0,0,0,0,0,0,2.26,0,0,0,0,0,0,0,0,0,0.92,0,0,0,0,0,0,0,0,0,0,0,0,0,0,0,0,0,0,0,0,0,0,0,0,0,0,0,0,0,0,0,0,90.6,8.5,0.06
0,11.99,0,33.26,1.17,6.51,33.35,0,6.0,2.36,0,0,0,0,0.13,0,0,0,2.05,0,0,0,0,0,0,0,2.26,0,0,0,0,0,0,0,0,0,0.92,0,0,0,0,0,0,0,0,0,0,0,0,0,0,0,0,0,0,0,0,0,0,0,0,0,0,0,0,0,0,0,0,90.5,10.1,0.11
0,11.99,0,33.26,1.17,6.51,33.35,0,6.0,2.36,0,0,0,0,0.13,0,0,0,2.05,0,0,0,0,0,0,0,2.26,0,0,0,0,0,0,0,0,0,0.92,0,0,0,0,0,0,0,0,0,0,0,0,0,0,0,0,0,0,0,0,0,0,0,0,0,0,0,0,0,0,0,0,90.5,10.7,0.52
6.99,21.3,0,17.3,0,5.15,40.02,0,0,3.8,0,0,0,0,1.99,0,0,0,1.63,0,0,0,0,0,0,0,1.17,0,0.65,0,0,0,0,0,0,0,0.01,0,0,0,0,0,0,0,0,0,0,0,0,0,0,0,0,0,0,0,0,0,0,0,0,0,0,0,0,0,0,0,0,23.0,9.0,-2.67
6.99,21.3,0,17.3,0,5.15,40.02,0,0,3.8,0,0,0,0,1.99,0,0,0,1.63,0,0,0,0,0,0,0,1.17,0,0.65,0,0,0,0,0,0,0,0.01,0,0,0,0,0,0,0,0,0,0,0,0,0,0,0,0,0,0,0,0,0,0,0,0,0,0,0,0,0,0,0,0,23.0,10.0,-2.39
6.99,21.3,0,17.3,0,5.15,40.02,0,0,3.8,0,0,0,0,1.99,0,0,0,1.63,0,0,0,0,0,0,0,1.17,0,0.65,0,0,0,0,0,0,0,0.01,0,0,0,0,0,0,0,0,0,0,0,0,0,0,0,0,0,0,0,0,0,0,0,0,0,0,0,0,0,0,0,0,23.0,11.0,-1.93
6.99,21.3,0,17.3,0,5.15,40.02,0,0,3.8,0,0,0,0,1.99,0,0,0,1.63,0,0,0,0,0,0,0,1.17,0,0.65,0,0,0,0,0,0,0,0.01,0,0,0,0,0,0,0,0,0,0,0,0,0,0,0,0,0,0,0,0,0,0,0,0,0,0,0,0,0,0,0,0,23.0,12.0,-1.4
6.99,21.3,0,17.3,0,5.15,40.02,0,0,3.8,0,0,0,0,1.99,0,0,0,1.63,0,0,0,0,0,0,0,1.17,0,0.65,0,0,0,0,0,0,0,0.01,0,0,0,0,0,0,0,0,0,0,0,0,0,0,0,0,0,0,0,0,0,0,0,0,0,0,0,0,0,0,0,0,40.0,8.7,-1.67
6.99,21.3,0,17.3,0,5.15,40.02,0,0,3.8,0,0,0,0,1.99,0,0,0,1.63,0,0,0,0,0,0,0,1.17,0,0.65,0,0,0,0,0,0,0,0.01,0,0,0,0,0,0,0,0,0,0,0,0,0,0,0,0,0,0,0,0,0,0,0,0,0,0,0,0,0,0,0,0,40.0,9.6,-1.73
6.99,21.3,0,17.3,0,5.15,40.02,0,0,3.8,0,0,0,0,1.99,0,0,0,1.63,0,0,0,0,0,0,0,1.17,0,0.65,0,0,0,0,0,0,0,0.01,0,0,0,0,0,0,0,0,0,0,0,0,0,0,0,0,0,0,0,0,0,0,0,0,0,0,0,0,0,0,0,0,40.0,10.9,-0.74
6.99,21.3,0,17.3,0,5.15,40.02,0,0,3.8,0,0,0,0,1.99,0,0,0,1.63,0,0,0,0,0,0,0,1.17,0,0.65,0,0,0,0,0,0,0,0.01,0,0,0,0,0,0,0,0,0,0,0,0,0,0,0,0,0,0,0,0,0,0,0,0,0,0,0,0,0,0,0,0,70.0,8.1,-0.84
6.99,21.3,0,17.3,0,5.15,40.02,0,0,3.8,0,0,0,0,1.99,0,0,0,1.63,0,0,0,0,0,0,0,1.17,0,0.65,0,0,0,0,0,0,0,0.01,0,0,0,0,0,0,0,0,0,0,0,0,0,0,0,0,0,0,0,0,0,0,0,0,0,0,0,0,0,0,0,0,70.0,8.9,-0.75
6.99,21.3,0,17.3,0,5.15,40.02,0,0,3.8,0,0,0,0,1.99,0,0,0,1.63,0,0,0,0,0,0,0,1.17,0,0.65,0,0,0,0,0,0,0,0.01,0,0,0,0,0,0,0,0,0,0,0,0,0,0,0,0,0,0,0,0,0,0,0,0,0,0,0,0,0,0,0,0,70.0,10.4,-0.12
6.99,21.3,0,17.3,0,5.15,40.02,0,0,3.8,0,0,0,0,1.99,0,0,0,1.63,0,0,0,0,0,0,0,1.17,0,0.65,0,0,0,0,0,0,0,0.01,0,0,0,0,0,0,0,0,0,0,0,0,0,0,0,0,0,0,0,0,0,0,0,0,0,0,0,0,0,0,0,0,70.0,11.1,0.39
6.99,21.3,0,17.3,0,5.15,40.02,0,0,3.8,0,0,0,0,1.99,0,0,0,1.63,0,0,0,0,0,0,0,1.17,0,0.65,0,0,0,0,0,0,0,0.01,0,0,0,0,0,0,0,0,0,0,0,0,0,0,0,0,0,0,0,0,0,0,0,0,0,0,0,0,0,0,0,0,90.0,7.7,-0.44
6.99,21.3,0,17.3,0,5.15,40.02,0,0,3.8,0,0,0,0,1.99,0,0,0,1.63,0,0,0,0,0,0,0,1.17,0,0.65,0,0,0,0,0,0,0,0.01,0,0,0,0,0,0,0,0,0,0,0,0,0,0,0,0,0,0,0,0,0,0,0,0,0,0,0,0,0,0,0,0,90.0,8.5,-0.02
6.99,21.3,0,17.3,0,5.15,40.02,0,0,3.8,0,0,0,0,1.99,0,0,0,1.63,0,0,0,0,0,0,0,1.17,0,0.65,0,0,0,0,0,0,0,0.01,0,0,0,0,0,0,0,0,0,0,0,0,0,0,0,0,0,0,0,0,0,0,0,0,0,0,0,0,0,0,0,0,90.0,10.1,0.37
6.99,21.3,0,17.3,0,5.15,40.02,0,0,3.8,0,0,0,0,1.99,0,0,0,1.63,0,0,0,0,0,0,0,1.17,0,0.65,0,0,0,0,0,0,0,0.01,0,0,0,0,0,0,0,0,0,0,0,0,0,0,0,0,0,0,0,0,0,0,0,0,0,0,0,0,0,0,0,0,90.0,10.7,0.69
21.35,0,49.6,0,0,0,0,1.12,0,11.38,0,0,0,0.55,0,0,0,0,4.9,0,0,0,0,0,0.52,0.28,2.2,0,1.51,0,0.76,0,0,0.04,0.04,0,0.02,0,0.23,0,1.25,0.63,0.9,0,0,0,0,0,0,0,0,0,0,0,0,0,0,0,0,0.44,1.55,0.53,0.19,0.03,0,0,0,0,0,50,8.9,1.94
21.35,0,49.6,0,0,0,0,1.12,0,11.38,0,0,0,0.55,0,0,0,0,4.9,0,0,0,0,0,0.52,0.28,2.2,0,1.51,0,0.76,0,0,0.04,0.04,0,0.02,0,0.23,0,1.25,0.63,0.9,0,0,0,0,0,0,0,0,0,0,0,0,0,0,0,0,0.44,1.55,0.53,0.19,0.03,0,0,0,0,0,50,9.3,2.15
21.35,0,49.6,0,0,0,0,1.12,0,11.38,0,0,0,0.55,0,0,0,0,4.9,0,0,0,0,0,0.52,0.28,2.2,0,1.51,0,0.76,0,0,0.04,0.04,0,0.02,0,0.23,0,1.25,0.63,0.9,0,0,0,0,0,0,0,0,0,0,0,0,0,0,0,0,0.44,1.55,0.53,0.19,0.03,0,0,0,0,0,50,9.4,2.94
21.35,0,49.6,0,0,0,0,1.12,0,11.38,0,0,0,0.55,0,0,0,0,4.9,0,0,0,0,0,0.52,0.28,2.2,0,1.51,0,0.76,0,0,0.04,0.04,0,0.02,0,0.23,0,1.25,0.63,0.9,0,0,0,0,0,0,0,0,0,0,0,0,0,0,0,0,0.44,1.55,0.53,0.19,0.03,0,0,0,0,0,50,9.2,1.79
21.35,0,49.6,0,0,0,0,1.12,0,11.38,0,0,0,0.55,0,0,0,0,4.9,0,0,0,0,0,0.52,0.28,2.2,0,1.51,0,0.76,0,0,0.04,0.04,0,0.02,0,0.23,0,1.25,0.63,0.9,0,0,0,0,0,0,0,0,0,0,0,0,0,0,0,0,0.44,1.55,0.53,0.19,0.03,0,0,0,0,0,50,9.1,1.58
21.35,0,49.6,0,0,0,0,1.12,0,11.38,0,0,0,0.55,0,0,0,0,4.9,0,0,0,0,0,0.52,0.28,2.2,0,1.51,0,0.76,0,0,0.04,0.04,0,0.02,0,0.23,0,1.25,0.63,0.9,0,0,0,0,0,0,0,0,0,0,0,0,0,0,0,0,0.44,1.55,0.53,0.19,0.03,0,0,0,0,0,50,9.4,1.61
21.35,0,49.6,0,0,0,0,1.12,0,11.38,0,0,0,0.55,0,0,0,0,4.9,0,0,0,0,0,0.52,0.28,2.2,0,1.51,0,0.76,0,0,0.04,0.04,0,0.02,0,0.23,0,1.25,0.63,0.9,0,0,0,0,0,0,0,0,0,0,0,0,0,0,0,0,0.44,1.55,0.53,0.19,0.03,0,0,0,0,0,50,8.8,1.82
21.35,0,49.6,0,0,0,0,1.12,0,11.38,0,0,0,0.55,0,0,0,0,4.9,0,0,0,0,0,0.52,0.28,2.2,0,1.51,0,0.76,0,0,0.04,0.04,0,0.02,0,0.23,0,1.25,0.63,0.9,0,0,0,0,0,0,0,0,0,0,0,0,0,0,0,0,0.44,1.55,0.53,0.19,0.03,0,0,0,0,0,50,9.2,2.38
21.35,0,49.6,0,0,0,0,1.12,0,11.38,0,0,0,0.55,0,0,0,0,4.9,0,0,0,0,0,0.52,0.28,2.2,0,1.51,0,0.76,0,0,0.04,0.04,0,0.02,0,0.23,0,1.25,0.63,0.9,0,0,0,0,0,0,0,0,0,0,0,0,0,0,0,0,0.44,1.55,0.53,0.19,0.03,0,0,0,0,0,50,9.0,2.43
21.35,0,49.6,0,0,0,0,1.12,0,11.38,0,0,0,0.55,0,0,0,0,4.9,0,0,0,0,0,0.52,0.28,2.2,0,1.51,0,0.76,0,0,0.04,0.04,0,0.02,0,0.23,0,1.25,0.63,0.9,0,0,0,0,0,0,0,0,0,0,0,0,0,0,0,0,0.44,1.55,0.53,0.19,0.03,0,0,0,0,0,50,8.6,3.06
21.35,0,49.6,0,0,0,0,1.12,0,11.38,0,0,0,0.55,0,0,0,0,4.9,0,0,0,0,0,0.52,0.28,2.2,0,1.51,0,0.76,0,0,0.04,0.04,0,0.02,0,0.23,0,1.25,0.63,0.9,0,0,0,0,0,0,0,0,0,0,0,0,0,0,0,0,0.44,1.55,0.53,0.19,0.03,0,0,0,0,0,50,9.5,1.62
21.35,0,49.6,0,0,0,0,1.12,0,11.38,0,0,0,0.55,0,0,0,0,4.9,0,0,0,0,0,0.52,0.28,2.2,0,1.51,0,0.76,0,0,0.04,0.04,0,0.02,0,0.23,0,1.25,0.63,0.9,0,0,0,0,0,0,0,0,0,0,0,0,0,0,0,0,0.44,1.55,0.53,0.19,0.03,0,0,0,0,0,50,8.7,1.31
21.35,0,49.6,0,0,0,0,1.12,0,11.38,0,0,0,0.55,0,0,0,0,4.9,0,0,0,0,0,0.52,0.28,2.2,0,1.51,0,0.76,0,0,0.04,0.04,0,0.02,0,0.23,0,1.25,0.63,0.9,0,0,0,0,0,0,0,0,0,0,0,0,0,0,0,0,0.44,1.55,0.53,0.19,0.03,0,0,0,0,0,50,9.5,2.42
21.35,0,49.6,0,0,0,0,1.12,0,11.38,0,0,0,0.55,0,0,0,0,4.9,0,0,0,0,0,0.52,0.28,2.2,0,1.51,0,0.76,0,0,0.04,0.04,0,0.02,0,0.23,0,1.25,0.63,0.9,0,0,0,0,0,0,0,0,0,0,0,0,0,0,0,0,0.44,1.55,0.53,0.19,0.03,0,0,0,0,0,50,8.8,2.62
21.35,0,49.6,0,0,0,0,1.12,0,11.38,0,0,0,0.55,0,0,0,0,4.9,0,0,0,0,0,0.52,0.28,2.2,0,1.51,0,0.76,0,0,0.04,0.04,0,0.02,0,0.23,0,1.25,0.63,0.9,0,0,0,0,0,0,0,0,0,0,0,0,0,0,0,0,0.44,1.55,0.53,0.19,0.03,0,0,0,0,0,50,9.3,2.34
21.35,0,49.6,0,0,0,0,1.12,0,11.38,0,0,0,0.55,0,0,0,0,4.9,0,0,0,0,0,0.52,0.28,2.2,0,1.51,0,0.76,0,0,0.04,0.04,0,0.02,0,0.23,0,1.25,0.63,0.9,0,0,0,0,0,0,0,0,0,0,0,0,0,0,0,0,0.44,1.55,0.53,0.19,0.03,0,0,0,0,0,50,8.9,2.08
21.35,0,49.6,0,0,0,0,1.12,0,11.38,0,0,0,0.55,0,0,0,0,4.9,0,0,0,0,0,0.52,0.28,2.2,0,1.51,0,0.76,0,0,0.04,0.04,0,0.02,0,0.23,0,1.25,0.63,0.9,0,0,0,0,0,0,0,0,0,0,0,0,0,0,0,0,0.44,1.55,0.53,0.19,0.03,0,0,0,0,0,50,9.4,4.14
21.35,0,49.6,0,0,0,0,1.12,0,11.38,0,0,0,0.55,0,0,0,0,4.9,0,0,0,0,0,0.52,0.28,2.2,0,1.51,0,0.76,0,0,0.04,0.04,0,0.02,0,0.23,0,1.25,0.63,0.9,0,0,0,0,0,0,0,0,0,0,0,0,0,0,0,0,0.44,1.55,0.53,0.19,0.03,0,0,0,0,0,50,9.0,2.5
21.35,0,49.6,0,0,0,0,1.12,0,11.38,0,0,0,0.55,0,0,0,0,4.9,0,0,0,0,0,0.52,0.28,2.2,0,1.51,0,0.76,0,0,0.04,0.04,0,0.02,0,0.23,0,1.25,0.63,0.9,0,0,0,0,0,0,0,0,0,0,0,0,0,0,0,0,0.44,1.55,0.53,0.19,0.03,0,0,0,0,0,50,8.7,3.32
21.35,0,49.6,0,0,0,0,1.12,0,11.38,0,0,0,0.55,0,0,0,0,4.9,0,0,0,0,0,0.52,0.28,2.2,0,1.51,0,0.76,0,0,0.04,0.04,0,0.02,0,0.23,0,1.25,0.63,0.9,0,0,0,0,0,0,0,0,0,0,0,0,0,0,0,0,0.44,1.55,0.53,0.19,0.03,0,0,0,0,0,50,9.0,2.29
21.35,0,49.6,0,0,0,0,1.12,0,11.38,0,0,0,0.55,0,0,0,0,4.9,0,0,0,0,0,0.52,0.28,2.2,0,1.51,0,0.76,0,0,0.04,0.04,0,0.02,0,0.23,0,1.25,0.63,0.9,0,0,0,0,0,0,0,0,0,0,0,0,0,0,0,0,0.44,1.55,0.53,0.19,0.03,0,0,0,0,0,50,9.3,3.35
21.35,0,49.6,0,0,0,0,1.12,0,11.38,0,0,0,0.55,0,0,0,0,4.9,0,0,0,0,0,0.52,0.28,2.2,0,1.51,0,0.76,0,0,0.04,0.04,0,0.02,0,0.23,0,1.25,0.63,0.9,0,0,0,0,0,0,0,0,0,0,0,0,0,0,0,0,0.44,1.55,0.53,0.19,0.03,0,0,0,0,0,50,9.2,2.63
21.35,0,49.6,0,0,0,0,1.12,0,11.38,0,0,0,0.55,0,0,0,0,4.9,0,0,0,0,0,0.52,0.28,2.2,0,1.51,0,0.76,0,0,0.04,0.04,0,0.02,0,0.23,0,1.25,0.63,0.9,0,0,0,0,0,0,0,0,0,0,0,0,0,0,0,0,0.44,1.55,0.53,0.19,0.03,0,0,0,0,0,50,9.0,2.27
21.35,0,49.6,0,0,0,0,1.12,0,11.38,0,0,0,0.55,0,0,0,0,4.9,0,0,0,0,0,0.52,0.28,2.2,0,1.51,0,0.76,0,0,0.04,0.04,0,0.02,0,0.23,0,1.25,0.63,0.9,0,0,0,0,0,0,0,0,0,0,0,0,0,0,0,0,0.44,1.55,0.53,0.19,0.03,0,0,0,0,0,50,9.1,2.37
11.96,0,55.33,0,0,0,0,0,0,0,0,0,2.18,0.41,11.92,0,1.79,0,0,0,0,0,0,0,0,0.47,1.7,0,1.21,0,1.21,0,0,0.39,0.1,0,0.06,0.03,0.39,0,2.25,0.99,1.54,0,0,0,0,0,0,0,0,0,0,0,0,0,0,0,0,0.76,2.47,1.48,0.19,1.16,0,0,0,0,0,50,9.8,9.75
11.96,0,55.33,0,0,0,0,0,0,0,0,0,2.18,0.41,11.92,0,1.79,0,0,0,0,0,0,0,0,0.47,1.7,0,1.21,0,1.21,0,0,0.39,0.1,0,0.06,0.03,0.39,0,2.25,0.99,1.54,0,0,0,0,0,0,0,0,0,0,0,0,0,0,0,0,0.76,2.47,1.48,0.19,1.16,0,0,0,0,0,50,9.2,4.13
11.96,0,55.33,0,0,0,0,0,0,0,0,0,2.18,0.41,11.92,0,1.79,0,0,0,0,0,0,0,0,0.47,1.7,0,1.21,0,1.21,0,0,0.39,0.1,0,0.06,0.03,0.39,0,2.25,0.99,1.54,0,0,0,0,0,0,0,0,0,0,0,0,0,0,0,0,0.76,2.47,1.48,0.19,1.16,0,0,0,0,0,50,9.0,5.98
11.96,0,55.33,0,0,0,0,0,0,0,0,0,2.18,0.41,11.92,0,1.79,0,0,0,0,0,0,0,0,0.47,1.7,0,1.21,0,1.21,0,0,0.39,0.1,0,0.06,0.03,0.39,0,2.25,0.99,1.54,0,0,0,0,0,0,0,0,0,0,0,0,0,0,0,0,0.76,2.47,1.48,0.19,1.16,0,0,0,0,0,50,9.9,6.54
11.96,0,55.33,0,0,0,0,0,0,0,0,0,2.18,0.41,11.92,0,1.79,0,0,0,0,0,0,0,0,0.47,1.7,0,1.21,0,1.21,0,0,0.39,0.1,0,0.06,0.03,0.39,0,2.25,0.99,1.54,0,0,0,0,0,0,0,0,0,0,0,0,0,0,0,0,0.76,2.47,1.48,0.19,1.16,0,0,0,0,0,50,9.6,4.03
11.96,0,55.33,0,0,0,0,0,0,0,0,0,2.18,0.41,11.92,0,1.79,0,0,0,0,0,0,0,0,0.47,1.7,0,1.21,0,1.21,0,0,0.39,0.1,0,0.06,0.03,0.39,0,2.25,0.99,1.54,0,0,0,0,0,0,0,0,0,0,0,0,0,0,0,0,0.76,2.47,1.48,0.19,1.16,0,0,0,0,0,50,9.3,3.84
11.96,0,55.33,0,0,0,0,0,0,0,0,0,2.18,0.41,11.92,0,1.79,0,0,0,0,0,0,0,0,0.47,1.7,0,1.21,0,1.21,0,0,0.39,0.1,0,0.06,0.03,0.39,0,2.25,0.99,1.54,0,0,0,0,0,0,0,0,0,0,0,0,0,0,0,0,0.76,2.47,1.48,0.19,1.16,0,0,0,0,0,50,9.2,4.74
11.96,0,55.33,0,0,0,0,0,0,0,0,0,2.18,0.41,11.92,0,1.79,0,0,0,0,0,0,0,0,0.47,1.7,0,1.21,0,1.21,0,0,0.39,0.1,0,0.06,0.03,0.39,0,2.25,0.99,1.54,0,0,0,0,0,0,0,0,0,0,0,0,0,0,0,0,0.76,2.47,1.48,0.19,1.16,0,0,0,0,0,50,9.6,5.43
11.96,0,55.33,0,0,0,0,0,0,0,0,0,2.18,0.41,11.92,0,1.79,0,0,0,0,0,0,0,0,0.47,1.7,0,1.21,0,1.21,0,0,0.39,0.1,0,0.06,0.03,0.39,0,2.25,0.99,1.54,0,0,0,0,0,0,0,0,0,0,0,0,0,0,0,0,0.76,2.47,1.48,0.19,1.16,0,0,0,0,0,50,9.0,3.26
11.96,0,55.33,0,0,0,0,0,0,0,0,0,2.18,0.41,11.92,0,1.79,0,0,0,0,0,0,0,0,0.47,1.7,0,1.21,0,1.21,0,0,0.39,0.1,0,0.06,0.03,0.39,0,2.25,0.99,1.54,0,0,0,0,0,0,0,0,0,0,0,0,0,0,0,0,0.76,2.47,1.48,0.19,1.16,0,0,0,0,0,50,9.2,8.86
11.96,0,55.33,0,0,0,0,0,0,0,0,0,2.18,0.41,11.92,0,1.79,0,0,0,0,0,0,0,0,0.47,1.7,0,1.21,0,1.21,0,0,0.39,0.1,0,0.06,0.03,0.39,0,2.25,0.99,1.54,0,0,0,0,0,0,0,0,0,0,0,0,0,0,0,0,0.76,2.47,1.48,0.19,1.16,0,0,0,0,0,50,9.3,6.14
11.96,0,55.33,0,0,0,0,0,0,0,0,0,2.18,0.41,11.92,0,1.79,0,0,0,0,0,0,0,0,0.47,1.7,0,1.21,0,1.21,0,0,0.39,0.1,0,0.06,0.03,0.39,0,2.25,0.99,1.54,0,0,0,0,0,0,0,0,0,0,0,0,0,0,0,0,0.76,2.47,1.48,0.19,1.16,0,0,0,0,0,50,8.8,5.55
11.96,0,55.33,0,0,0,0,0,0,0,0,0,2.18,0.41,11.92,0,1.79,0,0,0,0,0,0,0,0,0.47,1.7,0,1.21,0,1.21,0,0,0.39,0.1,0,0.06,0.03,0.39,0,2.25,0.99,1.54,0,0,0,0,0,0,0,0,0,0,0,0,0,0,0,0,0.76,2.47,1.48,0.19,1.16,0,0,0,0,0,50,9.7,7.62
11.96,0,55.33,0,0,0,0,0,0,0,0,0,2.18,0.41,11.92,0,1.79,0,0,0,0,0,0,0,0,0.47,1.7,0,1.21,0,1.21,0,0,0.39,0.1,0,0.06,0.03,0.39,0,2.25,0.99,1.54,0,0,0,0,0,0,0,0,0,0,0,0,0,0,0,0,0.76,2.47,1.48,0.19,1.16,0,0,0,0,0,50,9.3,2.79
11.96,0,55.33,0,0,0,0,0,0,0,0,0,2.18,0.41,11.92,0,1.79,0,0,0,0,0,0,0,0,0.47,1.7,0,1.21,0,1.21,0,0,0.39,0.1,0,0.06,0.03,0.39,0,2.25,0.99,1.54,0,0,0,0,0,0,0,0,0,0,0,0,0,0,0,0,0.76,2.47,1.48,0.19,1.16,0,0,0,0,0,50,9.6,7.64
11.96,0,55.33,0,0,0,0,0,0,0,0,0,2.18,0.41,11.92,0,1.79,0,0,0,0,0,0,0,0,0.47,1.7,0,1.21,0,1.21,0,0,0.39,0.1,0,0.06,0.03,0.39,0,2.25,0.99,1.54,0,0,0,0,0,0,0,0,0,0,0,0,0,0,0,0,0.76,2.47,1.48,0.19,1.16,0,0,0,0,0,50,9.2,6.07
11.96,0,55.33,0,0,0,0,0,0,0,0,0,2.18,0.41,11.92,0,1.79,0,0,0,0,0,0,0,0,0.47,1.7,0,1.21,0,1.21,0,0,0.39,0.1,0,0.06,0.03,0.39,0,2.25,0.99,1.54,0,0,0,0,0,0,0,0,0,0,0,0,0,0,0,0,0.76,2.47,1.48,0.19,1.16,0,0,0,0,0,50,9.2,4.95
11.96,0,55.33,0,0,0,0,0,0,0,0,0,2.18,0.41,11.92,0,1.79,0,0,0,0,0,0,0,0,0.47,1.7,0,1.21,0,1.21,0,0,0.39,0.1,0,0.06,0.03,0.39,0,2.25,0.99,1.54,0,0,0,0,0,0,0,0,0,0,0,0,0,0,0,0,0.76,2.47,1.48,0.19,1.16,0,0,0,0,0,50,9.2,1.32
11.96,0,55.33,0,0,0,0,0,0,0,0,0,2.18,0.41,11.92,0,1.79,0,0,0,0,0,0,0,0,0.47,1.7,0,1.21,0,1.21,0,0,0.39,0.1,0,0.06,0.03,0.39,0,2.25,0.99,1.54,0,0,0,0,0,0,0,0,0,0,0,0,0,0,0,0,0.76,2.47,1.48,0.19,1.16,0,0,0,0,0,50,9.0,1.8
11.96,0,55.33,0,0,0,0,0,0,0,0,0,2.18,0.41,11.92,0,1.79,0,0,0,0,0,0,0,0,0.47,1.7,0,1.21,0,1.21,0,0,0.39,0.1,0,0.06,0.03,0.39,0,2.25,0.99,1.54,0,0,0,0,0,0,0,0,0,0,0,0,0,0,0,0,0.76,2.47,1.48,0.19,1.16,0,0,0,0,0,50,9.8,2.89
11.96,0,55.33,0,0,0,0,0,0,0,0,0,2.18,0.41,11.92,0,1.79,0,0,0,0,0,0,0,0,0.47,1.7,0,1.21,0,1.21,0,0,0.39,0.1,0,0.06,0.03,0.39,0,2.25,0.99,1.54,0,0,0,0,0,0,0,0,0,0,0,0,0,0,0,0,0.76,2.47,1.48,0.19,1.16,0,0,0,0,0,50,9.2,5.89
11.96,0,55.33,0,0,0,0,0,0,0,0,0,2.18,0.41,11.92,0,1.79,0,0,0,0,0,0,0,0,0.47,1.7,0,1.21,0,1.21,0,0,0.39,0.1,0,0.06,0.03,0.39,0,2.25,0.99,1.54,0,0,0,0,0,0,0,0,0,0,0,0,0,0,0,0,0.76,2.47,1.48,0.19,1.16,0,0,0,0,0,50,9.4,7.03
11.96,0,55.33,0,0,0,0,0,0,0,0,0,2.18,0.41,11.92,0,1.79,0,0,0,0,0,0,0,0,0.47,1.7,0,1.21,0,1.21,0,0,0.39,0.1,0,0.06,0.03,0.39,0,2.25,0.99,1.54,0,0,0,0,0,0,0,0,0,0,0,0,0,0,0,0,0.76,2.47,1.48,0.19,1.16,0,0,0,0,0,50,9.6,6.28
11.96,0,55.33,0,0,0,0,0,0,0,0,0,2.18,0.41,11.92,0,1.79,0,0,0,0,0,0,0,0,0.47,1.7,0,1.21,0,1.21,0,0,0.39,0.1,0,0.06,0.03,0.39,0,2.25,0.99,1.54,0,0,0,0,0,0,0,0,0,0,0,0,0,0,0,0,0.76,2.47,1.48,0.19,1.16,0,0,0,0,0,50,9.4,4.99
11.96,0,55.33,0,0,0,0,0,0,0,0,0,2.18,0.41,11.92,0,1.79,0,0,0,0,0,0,0,0,0.47,1.7,0,1.21,0,1.21,0,0,0.39,0.1,0,0.06,0.03,0.39,0,2.25,0.99,1.54,0,0,0,0,0,0,0,0,0,0,0,0,0,0,0,0,0.76,2.47,1.48,0.19,1.16,0,0,0,0,0,50,9.2,4.39
0,0.67,62.32,0,0,4.11,19.62,0,0,10.2,1.81,0,0,0,0,0,0,0,0,0,0,0,0,0,0,0,0.38,0,0,0,0,0,0,0,0,0,0,0,0,0,0,0,0,0,0,0,0,0,0,0,0,0,0,0,0,0,0,0,0,0,0.9,0,0,0,0,0,0,0,0,90,8.7,0.49
0,0.67,62.32,0,0,4.11,19.62,0,0,10.2,1.81,0,0,0,0,0,0,0,0,0,0,0,0,0,0,0,0.38,0,0,0,0,0,0,0,0,0,0,0,0,0,0,0,0,0,0,0,0,0,0,0,0,0,0,0,0,0,0,0,0,0,0.9,0,0,0,0,0,0,0,0,90,8.67,0.78
0,0.67,62.32,0,0,4.11,19.62,0,0,10.2,1.81,0,0,0,0,0,0,0,0,0,0,0,0,0,0,0,0.38,0,0,0,0,0,0,0,0,0,0,0,0,0,0,0,0,0,0,0,0,0,0,0,0,0,0,0,0,0,0,0,0,0,0.9,0,0,0,0,0,0,0,0,90,8.95,1.25
0,0.67,62.32,0,0,4.11,19.62,0,0,10.2,1.81,0,0,0,0,0,0,0,0,0,0,0,0,0,0,0,0.38,0,0,0,0,0,0,0,0,0,0,0,0,0,0,0,0,0,0,0,0,0,0,0,0,0,0,0,0,0,0,0,0,0,0.9,0,0,0,0,0,0,0,0,90,8.51,0.79
0,0.67,62.32,0,0,4.11,19.62,0,0,10.2,1.81,0,0,0,0,0,0,0,0,0,0,0,0,0,0,0,0.38,0,0,0,0,0,0,0,0,0,0,0,0,0,0,0,0,0,0,0,0,0,0,0,0,0,0,0,0,0,0,0,0,0,0.9,0,0,0,0,0,0,0,0,90,8.84,0.55
0,0.67,62.32,0,0,4.11,19.62,0,0,10.2,1.81,0,0,0,0,0,0,0,0,0,0,0,0,0,0,0,0.38,0,0,0,0,0,0,0,0,0,0,0,0,0,0,0,0,0,0,0,0,0,0,0,0,0,0,0,0,0,0,0,0,0,0.9,0,0,0,0,0,0,0,0,90,8.85,1.74
0,0.67,62.32,0,0,4.11,19.62,0,0,10.2,1.81,0,0,0,0,0,0,0,0,0,0,0,0,0,0,0,0.38,0,0,0,0,0,0,0,0,0,0,0,0,0,0,0,0,0,0,0,0,0,0,0,0,0,0,0,0,0,0,0,0,0,0.9,0,0,0,0,0,0,0,0,90,8.69,1.43
0,0.67,62.32,0,0,4.11,19.62,0,0,10.2,1.81,0,0,0,0,0,0,0,0,0,0,0,0,0,0,0,0.38,0,0,0,0,0,0,0,0,0,0,0,0,0,0,0,0,0,0,0,0,0,0,0,0,0,0,0,0,0,0,0,0,0,0.9,0,0,0,0,0,0,0,0,90,8.55,1.03
0,0.67,62.32,0,0,4.11,19.62,0,0,10.2,1.81,0,0,0,0,0,0,0,0,0,0,0,0,0,0,0,0.38,0,0,0,0,0,0,0,0,0,0,0,0,0,0,0,0,0,0,0,0,0,0,0,0,0,0,0,0,0,0,0,0,0,0.9,0,0,0,0,0,0,0,0,90,8.6,1.08
0,0.67,62.32,0,0,4.11,19.62,0,0,10.2,1.81,0,0,0,0,0,0,0,0,0,0,0,0,0,0,0,0.38,0,0,0,0,0,0,0,0,0,0,0,0,0,0,0,0,0,0,0,0,0,0,0,0,0,0,0,0,0,0,0,0,0,0.9,0,0,0,0,0,0,0,0,90,8.42,0.98
0,0.67,62.32,0,0,4.11,19.62,0,0,10.2,1.81,0,0,0,0,0,0,0,0,0,0,0,0,0,0,0,0.38,0,0,0,0,0,0,0,0,0,0,0,0,0,0,0,0,0,0,0,0,0,0,0,0,0,0,0,0,0,0,0,0,0,0.9,0,0,0,0,0,0,0,0,90,8.73,1.06
0,0.67,62.32,0,0,4.11,19.62,0,0,10.2,1.81,0,0,0,0,0,0,0,0,0,0,0,0,0,0,0,0.38,0,0,0,0,0,0,0,0,0,0,0,0,0,0,0,0,0,0,0,0,0,0,0,0,0,0,0,0,0,0,0,0,0,0.9,0,0,0,0,0,0,0,0,90,8.54,0.97
0,0.67,62.32,0,0,4.11,19.62,0,0,10.2,1.81,0,0,0,0,0,0,0,0,0,0,0,0,0,0,0,0.38,0,0,0,0,0,0,0,0,0,0,0,0,0,0,0,0,0,0,0,0,0,0,0,0,0,0,0,0,0,0,0,0,0,0.9,0,0,0,0,0,0,0,0,90,8.84,2.6
0,0.67,62.32,0,0,4.11,19.62,0,0,10.2,1.81,0,0,0,0,0,0,0,0,0,0,0,0,0,0,0,0.38,0,0,0,0,0,0,0,0,0,0,0,0,0,0,0,0,0,0,0,0,0,0,0,0,0,0,0,0,0,0,0,0,0,0.9,0,0,0,0,0,0,0,0,90,8.69,1.54
0,0.67,62.32,0,0,4.11,19.62,0,0,10.2,1.81,0,0,0,0,0,0,0,0,0,0,0,0,0,0,0,0.38,0,0,0,0,0,0,0,0,0,0,0,0,0,0,0,0,0,0,0,0,0,0,0,0,0,0,0,0,0,0,0,0,0,0.9,0,0,0,0,0,0,0,0,90,8.93,2.07
0,0.67,62.32,0,0,4.11,19.62,0,0,10.2,1.81,0,0,0,0,0,0,0,0,0,0,0,0,0,0,0,0.38,0,0,0,0,0,0,0,0,0,0,0,0,0,0,0,0,0,0,0,0,0,0,0,0,0,0,0,0,0,0,0,0,0,0.9,0,0,0,0,0,0,0,0,90,8.53,0.55
0,0.67,62.32,0,0,4.11,19.62,0,0,10.2,1.81,0,0,0,0,0,0,0,0,0,0,0,0,0,0,0,0.38,0,0,0,0,0,0,0,0,0,0,0,0,0,0,0,0,0,0,0,0,0,0,0,0,0,0,0,0,0,0,0,0,0,0.9,0,0,0,0,0,0,0,0,90,8.89,1.64
0,0.67,62.32,0,0,4.11,19.62,0,0,10.2,1.81,0,0,0,0,0,0,0,0,0,0,0,0,0,0,0,0.38,0,0,0,0,0,0,0,0,0,0,0,0,0,0,0,0,0,0,0,0,0,0,0,0,0,0,0,0,0,0,0,0,0,0.9,0,0,0,0,0,0,0,0,90,8.59,1.26
0,0.67,62.32,0,0,4.11,19.62,0,0,10.2,1.81,0,0,0,0,0,0,0,0,0,0,0,0,0,0,0,0.38,0,0,0,0,0,0,0,0,0,0,0,0,0,0,0,0,0,0,0,0,0,0,0,0,0,0,0,0,0,0,0,0,0,0.9,0,0,0,0,0,0,0,0,90,8.87,1.36
0,0.67,62.32,0,0,4.11,19.62,0,0,10.2,1.81,0,0,0,0,0,0,0,0,0,0,0,0,0,0,0,0.38,0,0,0,0,0,0,0,0,0,0,0,0,0,0,0,0,0,0,0,0,0,0,0,0,0,0,0,0,0,0,0,0,0,0.9,0,0,0,0,0,0,0,0,90,8.59,0.57
0,0.67,62.32,0,0,4.11,19.62,0,0,10.2,1.81,0,0,0,0,0,0,0,0,0,0,0,0,0,0,0,0.38,0,0,0,0,0,0,0,0,0,0,0,0,0,0,0,0,0,0,0,0,0,0,0,0,0,0,0,0,0,0,0,0,0,0.9,0,0,0,0,0,0,0,0,90,8.74,1.06
0,10.74,60.64,8.47,0,0,20.15,0,0,0,0,0,0,0,0,0,0,0,0,0,0,0,0,0,0,0,0,0,0,0,0,0,0,0,0,0,0,0,0,0,0,0,0,0,0,0,0,0,0,0,0,0,0,0,0,0,0,0,0,0,0,0,0,0,0,0,0,0,0,90,9,4.5
0,10.74,60.64,8.47,0,0,20.15,0,0,0,0,0,0,0,0,0,0,0,0,0,0,0,0,0,0,0,0,0,0,0,0,0,0,0,0,0,0,0,0,0,0,0,0,0,0,0,0,0,0,0,0,0,0,0,0,0,0,0,0,0,0,0,0,0,0,0,0,0,0,90,9,4.5
0,10.72,60.65,8.46,0,0,20.17,0,0,0,0,0,0,0,0,0,0,0,0,0,0,0,0,0,0,0,0,0,0,0,0,0,0,0,0,0,0,0,0,0,0,0,0,0,0,0,0,0,0,0,0,0,0,0,0,0,0,0,0,0,0,0,0,0,0,0,0,0,0,90,9,4.5
0,10.09,60.6,7.98,0,2.41,18.93,0,0,0,0,0,0,0,0,0,0,0,0,0,0,0,0,0,0,0,0,0,0,0,0,0,0,0,0,0,0,0,0,0,0,0,0,0,0,0,0,0,0,0,0,0,0,0,0,0,0,0,0,0,0,0,0,0,0,0,0,0,0,90,9,1.1
0,9.73,60.24,7.69,0,2.34,18.29,0,0,1.72,0,0,0,0,0,0,0,0,0,0,0,0,0,0,0,0,0,0,0,0,0,0,0,0,0,0,0,0,0,0,0,0,0,0,0,0,0,0,0,0,0,0,0,0,0,0,0,0,0,0,0,0,0,0,0,0,0,0,0,90,9,2.4
0,9.57,60.33,7.58,0,2.27,18.02,0,0,1.72,0,0,0,0,0,0,0,0,0,0,0,0,0,0,0,0,0.52,0,0,0,0,0,0,0,0,0,0,0,0,0,0,0,0,0,0,0,0,0,0,0,0,0,0,0,0,0,0,0,0,0,0,0,0,0,0,0,0,0,0,90,9,1.7
0,9.57,60.35,7.55,0,2.29,18.03,0,0,1.7,0,0,0,0,0,0,0,0,0,0,0,0,0,0,0,0,0.51,0,0,0,0,0,0,0,0,0,0,0,0,0,0,0,0,0,0,0,0,0,0,0,0,0,0,0,0,0,0,0,0,0,0,0,0,0,0,0,0,0,0,90,9,1.6
3.04,9.18,59.12,7.19,0,2.2,17.16,0,0,1.62,0,0,0,0,0,0,0,0,0,0,0,0,0,0,0,0,0.5,0,0,0,0,0,0,0,0,0,0,0,0,0,0,0,0,0,0,0,0,0,0,0,0,0,0,0,0,0,0,0,0,0,0,0,0,0,0,0,0,0,0,90,9,2.2
0,9.91,60.71,7.83,0,2.38,18.64,0,0,0,0,0,0,0,0,0,0,0,0,0,0,0,0,0,0,0,0.54,0,0,0,0,0,0,0,0,0,0,0,0,0,0,0,0,0,0,0,0,0,0,0,0,0,0,0,0,0,0,0,0,0,0,0,0,0,0,0,0,0,0,90,9,1.1
0,10.33,60.26,8.14,0,0,19.43,0,0,1.85,0,0,0,0,0,0,0,0,0,0,0,0,0,0,0,0,0,0,0,0,0,0,0,0,0,0,0,0,0,0,0,0,0,0,0,0,0,0,0,0,0,0,0,0,0,0,0,0,0,0,0,0,0,0,0,0,0,0,0,90,9,9.5
0,10.14,60.35,8.05,0,0,19.1,0,0,1.81,0,0,0,0,0,0,0,0,0,0,0,0,0,0,0,0,0.55,0,0,0,0,0,0,0,0,0,0,0,0,0,0,0,0,0,0,0,0,0,0,0,0,0,0,0,0,0,0,0,0,0,0,0,0,0,0,0,0,0,0,90,9.1,8.5
3.05,9.1,59.01,7.43,0,2.19,17.1,0,0,1.63,0,0,0,0,0,0,0,0,0,0,0,0,0,0,0,0,0.5,0,0,0,0,0,0,0,0,0,0,0,0,0,0,0,0,0,0,0,0,0,0,0,0,0,0,0,0,0,0,0,0,0,0,0,0,0,0,0,0,0,0,90,9.3,2.2