Li,B,O,Na,Mg,Al,Si,P,K,Ca,Ti,Cr,Mn,Fe,Ni,Zn,Rb,Sr,Y,Zr,Mo,Ru,Te,I,Cs,Ba,La,Hf,Ce,Pr,Nd,S_autres_TR,Temp√©rature,ph,V0_Si_ou_r0_Si
0,10.71,60.65,8.45,0,0,20.18,0,0,0,0,0,0,0,0,0,0,0,0,0,0,0,0,0,0,0,0,0,0,0,0,0,90,9,12.0
0,10.71,60.65,8.45,0,0,20.18,0,0,0,0,0,0,0,0,0,0,0,0,0,0,0,0,0,0,0,0,0,0,0,0,0,90,9,17.7
0,10.71,60.65,8.45,0,0,20.18,0,0,0,0,0,0,0,0,0,0,0,0,0,0,0,0,0,0,0,0,0,0,0,0,0,90,9,12.2
0,10.09,60.59,7.99,0,2.39,18.93,0,0,0,0,0,0,0,0,0,0,0,0,0,0,0,0,0,0,0,0,0,0,0,0,0,90,9,2.6
0,9.74,60.25,7.65,0,2.33,18.29,0,0,1.73,0,0,0,0,0,0,0,0,0,0,0,0,0,0,0,0,0,0,0,0,0,0,90,9,9.9
0,9.58,60.32,7.61,0,2.28,18.0,0,0,1.71,0,0,0,0,0,0,0,0,0,0.51,0,0,0,0,0,0,0,0,0,0,0,0,90,9,8.2
0,9.94,60.7,7.84,0,2.34,18.65,0,0,0,0,0,0,0,0,0,0,0,0,0.53,0,0,0,0,0,0,0,0,0,0,0,0,90,9,2.2
0,10.37,60.24,8.17,0,0,19.39,0,0,1.83,0,0,0,0,0,0,0,0,0,0,0,0,0,0,0,0,0,0,0,0,0,0,90,9,52.2
0,10.2,60.37,8.0,0,0,19.08,0,0,1.8,0,0,0,0,0,0,0,0,0,0.55,0,0,0,0,0,0,0,0,0,0,0,0,90,9,56.4
0,15.61,60.79,6.54,0,0,17.05,0,0,0,0,0,0,0,0,0,0,0,0,0,0,0,0,0,0,0,0,0,0,0,0,0,90,9,192
0,15.61,60.79,6.54,0,0,17.05,0,0,0,0,0,0,0,0,0,0,0,0,0,0,0,0,0,0,0,0,0,0,0,0,0,90,9,202
0,12.12,54.05,21.19,0,0,12.64,0,0,0,0,0,0,0,0,0,0,0,0,0,0,0,0,0,0,0,0,0,0,0,0,0,90,9,47370
0,9.08,55.8,18.71,0,0,16.41,0,0,0,0,0,0,0,0,0,0,0,0,0,0,0,0,0,0,0,0,0,0,0,0,0,90,9,2070
1.24,0,57.24,12.42,0,6.47,18.08,0,0,4.54,0,0,0,0,0,0,0,0,0,0,0,0,0,0,0,0,0,0,0,0,0,0,90,9,5.6
1.24,0,57.24,12.42,0,6.47,18.08,0,0,4.54,0,0,0,0,0,0,0,0,0,0,0,0,0,0,0,0,0,0,0,0,0,0,90,9,7.2
1.24,0,57.24,12.42,0,6.47,18.08,0,0,4.54,0,0,0,0,0,0,0,0,0,0,0,0,0,0,0,0,0,0,0,0,0,0,90,9,5.5
1.16,0,57.6,10.38,0,12.27,14.84,0,0,3.75,0,0,0,0,0,0,0,0,0,0,0,0,0,0,0,0,0,0,0,0,0,0,90,9,9.8
1.16,0,57.6,10.38,0,12.27,14.84,0,0,3.75,0,0,0,0,0,0,0,0,0,0,0,0,0,0,0,0,0,0,0,0,0,0,90,9,5.0
0,0,0,33.49,0,9.28,45.13,0,0,12.11,0,0,0,0,0,0,0,0,0,0,0,0,0,0,0,0,0,0,0,0,0,0,90,9,7.4
0,0,0,33.49,0,9.28,45.13,0,0,12.11,0,0,0,0,0,0,0,0,0,0,0,0,0,0,0,0,0,0,0,0,0,0,90,9,6.1
0,0,0,33.49,0,9.28,45.13,0,0,12.11,0,0,0,0,0,0,0,0,0,0,0,0,0,0,0,0,0,0,0,0,0,0,90,9,4.5
0,0,0,33.49,0,9.28,45.13,0,0,12.11,0,0,0,0,0,0,0,0,0,0,0,0,0,0,0,0,0,0,0,0,0,0,90,9,7.2
0,0,0,33.49,0,9.28,45.13,0,0,12.11,0,0,0,0,0,0,0,0,0,0,0,0,0,0,0,0,0,0,0,0,0,0,90,9,4.6
0,0,0,8.27,0,51.58,40.15,0,0,0,0,0,0,0,0,0,0,0,0,0,0,0,0,0,0,0,0,0,0,0,0,0,90,9,3.8
0,0,0,49.26,0,9.74,41.0,0,0,0,0,0,0,0,0,0,0,0,0,0,0,0,0,0,0,0,0,0,0,0,0,0,90,9,1.2
0,0,0,20.0,0,20.0,60.0,0,0,0,0,0,0,0,0,0,0,0,0,0,0,0,0,0,0,0,0,0,0,0,0,0,90,9,0.26
0,11.03,60.63,8.39,0,0,19.95,0,0,0,0,0,0,0,0,0,0,0,0,0,0,0,0,0,0,0,0,0,0,0,0,0,50,7,0.041
0,11.03,60.63,8.39,0,0,19.95,0,0,0,0,0,0,0,0,0,0,0,0,0,0,0,0,0,0,0,0,0,0,0,0,0,60,7,0.084
0,11.03,60.63,8.39,0,0,19.95,0,0,0,0,0,0,0,0,0,0,0,0,0,0,0,0,0,0,0,0,0,0,0,0,0,70,7,0.106
0,11.03,60.63,8.39,0,0,19.95,0,0,0,0,0,0,0,0,0,0,0,0,0,0,0,0,0,0,0,0,0,0,0,0,0,80,7,0.683
0,11.03,60.63,8.39,0,0,19.95,0,0,0,0,0,0,0,0,0,0,0,0,0,0,0,0,0,0,0,0,0,0,0,0,0,90,7,1.648
0,11.66,59.33,10.78,0,0,17.73,0,0,0,0,0,0,0,0,0,0,0,0,0.5,0,0,0,0,0,0,0,0,0,0,0,0,50,7,0.003
0,11.66,59.33,10.78,0,0,17.73,0,0,0,0,0,0,0,0,0,0,0,0,0.5,0,0,0,0,0,0,0,0,0,0,0,0,60,7,0.013
0,11.66,59.33,10.78,0,0,17.73,0,0,0,0,0,0,0,0,0,0,0,0,0.5,0,0,0,0,0,0,0,0,0,0,0,0,70,7,0.018
0,11.66,59.33,10.78,0,0,17.73,0,0,0,0,0,0,0,0,0,0,0,0,0.5,0,0,0,0,0,0,0,0,0,0,0,0,80,7,0.12
0,11.66,59.33,10.78,0,0,17.73,0,0,0,0,0,0,0,0,0,0,0,0,0.5,0,0,0,0,0,0,0,0,0,0,0,0,90,7,0.566
0,10.24,59.12,10.96,0,0,18.59,0,0,1.09,0,0,0,0,0,0,0,0,0,0,0,0,0,0,0,0,0,0,0,0,0,0,90,7,51
0,9.69,59.12,11.15,0,0,18.67,0,0,1.07,0,0,0,0,0,0,0,0,0,0.3,0,0,0,0,0,0,0,0,0,0,0,0,90,7,34
0,10.18,59.21,10.79,0,0,18.42,0,0,1.09,0.3,0,0,0,0,0,0,0,0,0,0,0,0,0,0,0,0,0,0,0,0,0,90,7,24
0,9.58,59.29,10.8,0,0,18.89,0,0,1.13,0,0,0,0,0,0,0,0,0,0,0,0,0,0,0,0,0,0.31,0,0,0,0,90,7,26
0,10.76,59.09,10.82,0,0,17.04,0,0,1.11,0,0,0,0,0,0,0,0,0,1.17,0,0,0,0,0,0,0,0,0,0,0,0,90,7,14
0,10.35,59.11,10.9,0,0,17.31,0,0,1.15,1.18,0,0,0,0,0,0,0,0,0,0,0,0,0,0,0,0,0,0,0,0,0,90,7,28
0,10.57,59.23,10.57,0,0,17.29,0,0,1.16,0,0,0,0,0,0,0,0,0,0,0,0,0,0,0,0,0,1.16,0,0,0,0,90,7,10
0,10.78,58.89,11.2,0,0,15.57,0,0,1.14,0,0,0,0,0,0,0,0,0,2.41,0,0,0,0,0,0,0,0,0,0,0,0,90,7,4.0
0,10.35,60.11,8.9,0,0,16.89,0,0,1.15,2.6,0,0,0,0,0,0,0,0,0,0,0,0,0,0,0,0,0,0,0,0,0,90,7,13.4
0,9.81,59.12,11.03,0,0,16.3,0,0,1.19,0,0,0,0,0,0,0,0,0,0,0,0,0,0,0,0,0,2.56,0,0,0,0,90,7,3.0
0,10.37,59.67,8.9,0,0,16.11,0,0,2.46,0,0,0,0,0,0,0,0,0,2.49,0,0,0,0,0,0,0,0,0,0,0,0,90,7,4.2
0,10.11,59.82,8.63,0,0,16.39,0,0,2.56,2.5,0,0,0,0,0,0,0,0,0,0,0,0,0,0,0,0,0,0,0,0,0,90,7,9.3
0,24.66,0,22.21,0,0,40.43,0,0,6.36,0,0,0,0,0,0,0,0,0,0,0,0,0,0,0,0,0,6.36,0,0,0,0,90,7,1.9
6.4,10.45,58.43,5.21,0.66,0.73,15.3,0,0,0,0,0.1,0,0.47,0.07,0,0,0.06,0.02,0.39,0.28,0.07,0.03,0,0.23,0.16,0.08,0,0.14,0.06,0.21,0.45,23,8.0,0.011
6.4,10.45,58.43,5.21,0.66,0.73,15.3,0,0,0,0,0.1,0,0.47,0.07,0,0,0.06,0.02,0.39,0.28,0.07,0.03,0,0.23,0.16,0.08,0,0.14,0.06,0.21,0.45,40,7.9,0.119
6.4,10.45,58.43,5.21,0.66,0.73,15.3,0,0,0,0,0.1,0,0.47,0.07,0,0,0.06,0.02,0.39,0.28,0.07,0.03,0,0.23,0.16,0.08,0,0.14,0.06,0.21,0.45,70,7.6,0.945
6.4,10.45,58.43,5.21,0.66,0.73,15.3,0,0,0,0,0.1,0,0.47,0.07,0,0,0.06,0.02,0.39,0.28,0.07,0.03,0,0.23,0.16,0.08,0,0.14,0.06,0.21,0.45,23,10.0,0.027
6.4,10.45,58.43,5.21,0.66,0.73,15.3,0,0,0,0,0.1,0,0.47,0.07,0,0,0.06,0.02,0.39,0.28,0.07,0.03,0,0.23,0.16,0.08,0,0.14,0.06,0.21,0.45,40,9.8,0.321
6.4,10.45,58.43,5.21,0.66,0.73,15.3,0,0,0,0,0.1,0,0.47,0.07,0,0,0.06,0.02,0.39,0.28,0.07,0.03,0,0.23,0.16,0.08,0,0.14,0.06,0.21,0.45,70,9.3,4.148
6.4,10.45,58.43,5.21,0.66,0.73,15.3,0,0,0,0,0.1,0,0.47,0.07,0,0,0.06,0.02,0.39,0.28,0.07,0.03,0,0.23,0.16,0.08,0,0.14,0.06,0.21,0.45,23,12.0,0.642
6.4,10.45,58.43,5.21,0.66,0.73,15.3,0,0,0,0,0.1,0,0.47,0.07,0,0,0.06,0.02,0.39,0.28,0.07,0.03,0,0.23,0.16,0.08,0,0.14,0.06,0.21,0.45,40,11.5,4.403
6.4,10.45,58.43,5.21,0.66,0.73,15.3,0,0,0,0,0.1,0,0.47,0.07,0,0,0.06,0.02,0.39,0.28,0.07,0.03,0,0.23,0.16,0.08,0,0.14,0.06,0.21,0.45,70,10.7,45.786
5.9,10.35,58.61,5.07,0.83,0.94,14.99,0,0,0,0,0.12,0,0.52,0.13,0,0,0.07,0.02,0.46,0.35,0.08,0.04,0,0.29,0.18,0.09,0,0.16,0.06,0.22,0.51,23,8.0,0.02
5.9,10.35,58.61,5.07,0.83,0.94,14.99,0,0,0,0,0.12,0,0.52,0.13,0,0,0.07,0.02,0.46,0.35,0.08,0.04,0,0.29,0.18,0.09,0,0.16,0.06,0.22,0.51,40,7.9,0.105
5.9,10.35,58.61,5.07,0.83,0.94,14.99,0,0,0,0,0.12,0,0.52,0.13,0,0,0.07,0.02,0.46,0.35,0.08,0.04,0,0.29,0.18,0.09,0,0.16,0.06,0.22,0.51,70,7.6,0.369
5.9,10.35,58.61,5.07,0.83,0.94,14.99,0,0,0,0,0.12,0,0.52,0.13,0,0,0.07,0.02,0.46,0.35,0.08,0.04,0,0.29,0.18,0.09,0,0.16,0.06,0.22,0.51,23,10.0,0.024
5.9,10.35,58.61,5.07,0.83,0.94,14.99,0,0,0,0,0.12,0,0.52,0.13,0,0,0.07,0.02,0.46,0.35,0.08,0.04,0,0.29,0.18,0.09,0,0.16,0.06,0.22,0.51,40,9.8,0.436
5.9,10.35,58.61,5.07,0.83,0.94,14.99,0,0,0,0,0.12,0,0.52,0.13,0,0,0.07,0.02,0.46,0.35,0.08,0.04,0,0.29,0.18,0.09,0,0.16,0.06,0.22,0.51,70,9.3,6.038
5.9,10.35,58.61,5.07,0.83,0.94,14.99,0,0,0,0,0.12,0,0.52,0.13,0,0,0.07,0.02,0.46,0.35,0.08,0.04,0,0.29,0.18,0.09,0,0.16,0.06,0.22,0.51,23,12.0,0.778
5.9,10.35,58.61,5.07,0.83,0.94,14.99,0,0,0,0,0.12,0,0.52,0.13,0,0,0.07,0.02,0.46,0.35,0.08,0.04,0,0.29,0.18,0.09,0,0.16,0.06,0.22,0.51,40,11.5,7.638
5.9,10.35,58.61,5.07,0.83,0.94,14.99,0,0,0,0,0.12,0,0.52,0.13,0,0,0.07,0.02,0.46,0.35,0.08,0.04,0,0.29,0.18,0.09,0,0.16,0.06,0.22,0.51,70,10.7,61.292
0,9.56,60.33,7.58,0,2.3,18.0,0,0,1.72,0,0,0,0,0,0,0,0,0,0.52,0,0,0,0,0,0,0,0,0,0,0,0,90,10,10.59
0,9.56,60.33,7.58,0,2.3,18.0,0,0,1.72,0,0,0,0,0,0,0,0,0,0.52,0,0,0,0,0,0,0,0,0,0,0,0,90,10,11.99
0,9.56,60.33,7.58,0,2.3,18.0,0,0,1.72,0,0,0,0,0,0,0,0,0,0.52,0,0,0,0,0,0,0,0,0,0,0,0,90,10,11.14
0,9.56,60.33,7.58,0,2.3,18.0,0,0,1.72,0,0,0,0,0,0,0,0,0,0.52,0,0,0,0,0,0,0,0,0,0,0,0,90,10,11.33
0,9.56,60.33,7.58,0,2.3,18.0,0,0,1.72,0,0,0,0,0,0,0,0,0,0.52,0,0,0,0,0,0,0,0,0,0,0,0,90,10,10.78
0,9.56,60.33,7.58,0,2.3,18.0,0,0,1.72,0,0,0,0,0,0,0,0,0,0.52,0,0,0,0,0,0,0,0,0,0,0,0,90,10,13.03
0,9.56,60.33,7.58,0,2.3,18.0,0,0,1.72,0,0,0,0,0,0,0,0,0,0.52,0,0,0,0,0,0,0,0,0,0,0,0,90,10,9.78
0,9.56,60.33,7.58,0,2.3,18.0,0,0,1.72,0,0,0,0,0,0,0,0,0,0.52,0,0,0,0,0,0,0,0,0,0,0,0,90,10,9.58
0,9.56,60.33,7.58,0,2.3,18.0,0,0,1.72,0,0,0,0,0,0,0,0,0,0.52,0,0,0,0,0,0,0,0,0,0,0,0,90,10,13.24
0,9.56,60.33,7.58,0,2.3,18.0,0,0,1.72,0,0,0,0,0,0,0,0,0,0.52,0,0,0,0,0,0,0,0,0,0,0,0,90,10,12.76
0,9.56,60.33,7.58,0,2.3,18.0,0,0,1.72,0,0,0,0,0,0,0,0,0,0.52,0,0,0,0,0,0,0,0,0,0,0,0,90,10,14.55
0,9.56,60.33,7.58,0,2.3,18.0,0,0,1.72,0,0,0,0,0,0,0,0,0,0.52,0,0,0,0,0,0,0,0,0,0,0,0,90,10,13.04
0,9.56,60.33,7.58,0,2.3,18.0,0,0,1.72,0,0,0,0,0,0,0,0,0,0.52,0,0,0,0,0,0,0,0,0,0,0,0,90,10,15.95
0,9.56,60.33,7.58,0,2.3,18.0,0,0,1.72,0,0,0,0,0,0,0,0,0,0.52,0,0,0,0,0,0,0,0,0,0,0,0,90,10,14.73
0,9.56,60.33,7.58,0,2.3,18.0,0,0,1.72,0,0,0,0,0,0,0,0,0,0.52,0,0,0,0,0,0,0,0,0,0,0,0,90,10,15.93
0,9.56,60.33,7.58,0,2.3,18.0,0,0,1.72,0,0,0,0,0,0,0,0,0,0.52,0,0,0,0,0,0,0,0,0,0,0,0,90,10,13.96
0,9.56,60.33,7.58,0,2.3,18.0,0,0,1.72,0,0,0,0,0,0,0,0,0,0.52,0,0,0,0,0,0,0,0,0,0,0,0,90,10,14.57
0,9.56,60.33,7.58,0,2.3,18.0,0,0,1.72,0,0,0,0,0,0,0,0,0,0.52,0,0,0,0,0,0,0,0,0,0,0,0,90,10,13.76
0,9.56,60.33,7.58,0,2.3,18.0,0,0,1.72,0,0,0,0,0,0,0,0,0,0.52,0,0,0,0,0,0,0,0,0,0,0,0,90,10,14.57
0,9.56,60.33,7.58,0,2.3,18.0,0,0,1.72,0,0,0,0,0,0,0,0,0,0.52,0,0,0,0,0,0,0,0,0,0,0,0,90,10,14.29
0,9.56,60.33,7.58,0,2.3,18.0,0,0,1.72,0,0,0,0,0,0,0,0,0,0.52,0,0,0,0,0,0,0,0,0,0,0,0,90,10,14.34
0,9.56,60.33,7.58,0,2.3,18.0,0,0,1.72,0,0,0,0,0,0,0,0,0,0.52,0,0,0,0,0,0,0,0,0,0,0,0,90,10,16.38
0,9.56,60.33,7.58,0,2.3,18.0,0,0,1.72,0,0,0,0,0,0,0,0,0,0.52,0,0,0,0,0,0,0,0,0,0,0,0,90,10,16.98
0,9.56,60.33,7.58,0,2.3,18.0,0,0,1.72,0,0,0,0,0,0,0,0,0,0.52,0,0,0,0,0,0,0,0,0,0,0,0,90,10,17.11
0,9.56,60.33,7.58,0,2.3,18.0,0,0,1.72,0,0,0,0,0,0,0,0,0,0.52,0,0,0,0,0,0,0,0,0,0,0,0,90,10,16.28
0,9.56,60.33,7.58,0,2.3,18.0,0,0,1.72,0,0,0,0,0,0,0,0,0,0.52,0,0,0,0,0,0,0,0,0,0,0,0,90,10,10.88
0,9.56,60.33,7.58,0,2.3,18.0,0,0,1.72,0,0,0,0,0,0,0,0,0,0.52,0,0,0,0,0,0,0,0,0,0,0,0,90,10,10.63
0,9.56,60.33,7.58,0,2.3,18.0,0,0,1.72,0,0,0,0,0,0,0,0,0,0.52,0,0,0,0,0,0,0,0,0,0,0,0,90,10,16.02
0,9.56,60.33,7.58,0,2.3,18.0,0,0,1.72,0,0,0,0,0,0,0,0,0,0.52,0,0,0,0,0,0,0,0,0,0,0,0,90,10,17.54
0,0,60.42,8.72,2.18,0.24,25.09,0,0,3.36,0,0,0,0,0,0,0,0,0,0,0,0,0,0,0,0,0,0,0,0,0,0,90,10,5.95
0,0,60.42,8.72,2.18,0.24,25.09,0,0,3.36,0,0,0,0,0,0,0,0,0,0,0,0,0,0,0,0,0,0,0,0,0,0,90,10,6.11
0,0,60.42,8.72,2.18,0.24,25.09,0,0,3.36,0,0,0,0,0,0,0,0,0,0,0,0,0,0,0,0,0,0,0,0,0,0,90,10,5.08
0,0,60.42,8.72,2.18,0.24,25.09,0,0,3.36,0,0,0,0,0,0,0,0,0,0,0,0,0,0,0,0,0,0,0,0,0,0,90,10,5.17
0,0,60.42,8.72,2.18,0.24,25.09,0,0,3.36,0,0,0,0,0,0,0,0,0,0,0,0,0,0,0,0,0,0,0,0,0,0,90,10,5.48
0,0,60.42,8.72,2.18,0.24,25.09,0,0,3.36,0,0,0,0,0,0,0,0,0,0,0,0,0,0,0,0,0,0,0,0,0,0,90,10,6.48
0,0,60.42,8.72,2.18,0.24,25.09,0,0,3.36,0,0,0,0,0,0,0,0,0,0,0,0,0,0,0,0,0,0,0,0,0,0,90,10,7.56
0,0,60.42,8.72,2.18,0.24,25.09,0,0,3.36,0,0,0,0,0,0,0,0,0,0,0,0,0,0,0,0,0,0,0,0,0,0,90,10,6.98
0,0,60.42,8.72,2.18,0.24,25.09,0,0,3.36,0,0,0,0,0,0,0,0,0,0,0,0,0,0,0,0,0,0,0,0,0,0,90,10,6.98
0,0,60.42,8.72,2.18,0.24,25.09,0,0,3.36,0,0,0,0,0,0,0,0,0,0,0,0,0,0,0,0,0,0,0,0,0,0,90,10,7.06
0,0,60.42,8.72,2.18,0.24,25.09,0,0,3.36,0,0,0,0,0,0,0,0,0,0,0,0,0,0,0,0,0,0,0,0,0,0,90,10,6.23
0,0,60.42,8.72,2.18,0.24,25.09,0,0,3.36,0,0,0,0,0,0,0,0,0,0,0,0,0,0,0,0,0,0,0,0,0,0,90,10,5.56
0,0,60.42,8.72,2.18,0.24,25.09,0,0,3.36,0,0,0,0,0,0,0,0,0,0,0,0,0,0,0,0,0,0,0,0,0,0,90,10,6.41
0,9.58,60.32,7.61,0,2.28,18.0,0,0,1.71,0,0,0,0,0,0,0,0,0,0.51,0,0,0,0,0,0,0,0,0,0,0,0,90,9.0,7.1
0,9.58,60.32,7.61,0,2.28,18.0,0,0,1.71,0,0,0,0,0,0,0,0,0,0.51,0,0,0,0,0,0,0,0,0,0,0,0,90,9.0,6.3
0,9.58,60.32,7.61,0,2.28,18.0,0,0,1.71,0,0,0,0,0,0,0,0,0,0.51,0,0,0,0,0,0,0,0,0,0,0,0,90,9.0,4.9
4.12,8.37,58.76,6.62,0,2.01,15.92,0.09,0,1.1,0,0.03,0.09,0.52,0.06,0.76,0.02,0.06,0.03,0.24,0.21,0.11,0.02,0,0.11,0.07,0.05,0,0.4,0,0.17,0.04,25,3,0.08
4.12,8.37,58.76,6.62,0,2.01,15.92,0.09,0,1.1,0,0.03,0.09,0.52,0.06,0.76,0.02,0.06,0.03,0.24,0.21,0.11,0.02,0,0.11,0.07,0.05,0,0.4,0,0.17,0.04,25,4,0.015
4.12,8.37,58.76,6.62,0,2.01,15.92,0.09,0,1.1,0,0.03,0.09,0.52,0.06,0.76,0.02,0.06,0.03,0.24,0.21,0.11,0.02,0,0.11,0.07,0.05,0,0.4,0,0.17,0.04,25,5.6,0.005
4.12,8.37,58.76,6.62,0,2.01,15.92,0.09,0,1.1,0,0.03,0.09,0.52,0.06,0.76,0.02,0.06,0.03,0.24,0.21,0.11,0.02,0,0.11,0.07,0.05,0,0.4,0,0.17,0.04,25,6.9,0.006
4.12,8.37,58.76,6.62,0,2.01,15.92,0.09,0,1.1,0,0.03,0.09,0.52,0.06,0.76,0.02,0.06,0.03,0.24,0.21,0.11,0.02,0,0.11,0.07,0.05,0,0.4,0,0.17,0.04,25,8,0.01
4.12,8.37,58.76,6.62,0,2.01,15.92,0.09,0,1.1,0,0.03,0.09,0.52,0.06,0.76,0.02,0.06,0.03,0.24,0.21,0.11,0.02,0,0.11,0.07,0.05,0,0.4,0,0.17,0.04,25,10,0.04
4.12,8.37,58.76,6.62,0,2.01,15.92,0.09,0,1.1,0,0.03,0.09,0.52,0.06,0.76,0.02,0.06,0.03,0.24,0.21,0.11,0.02,0,0.11,0.07,0.05,0,0.4,0,0.17,0.04,25,11,0.08
4.12,8.37,58.76,6.62,0,2.01,15.92,0.09,0,1.1,0,0.03,0.09,0.52,0.06,0.76,0.02,0.06,0.03,0.24,0.21,0.11,0.02,0,0.11,0.07,0.05,0,0.4,0,0.17,0.04,50,3,0.4
4.12,8.37,58.76,6.62,0,2.01,15.92,0.09,0,1.1,0,0.03,0.09,0.52,0.06,0.76,0.02,0.06,0.03,0.24,0.21,0.11,0.02,0,0.11,0.07,0.05,0,0.4,0,0.17,0.04,50,4,0.08
4.12,8.37,58.76,6.62,0,2.01,15.92,0.09,0,1.1,0,0.03,0.09,0.52,0.06,0.76,0.02,0.06,0.03,0.24,0.21,0.11,0.02,0,0.11,0.07,0.05,0,0.4,0,0.17,0.04,50,5.6,0.03
4.12,8.37,58.76,6.62,0,2.01,15.92,0.09,0,1.1,0,0.03,0.09,0.52,0.06,0.76,0.02,0.06,0.03,0.24,0.21,0.11,0.02,0,0.11,0.07,0.05,0,0.4,0,0.17,0.04,50,6.9,0.03
4.12,8.37,58.76,6.62,0,2.01,15.92,0.09,0,1.1,0,0.03,0.09,0.52,0.06,0.76,0.02,0.06,0.03,0.24,0.21,0.11,0.02,0,0.11,0.07,0.05,0,0.4,0,0.17,0.04,50,8,0.05
4.12,8.37,58.76,6.62,0,2.01,15.92,0.09,0,1.1,0,0.03,0.09,0.52,0.06,0.76,0.02,0.06,0.03,0.24,0.21,0.11,0.02,0,0.11,0.07,0.05,0,0.4,0,0.17,0.04,50,10,0.25
4.12,8.37,58.76,6.62,0,2.01,15.92,0.09,0,1.1,0,0.03,0.09,0.52,0.06,0.76,0.02,0.06,0.03,0.24,0.21,0.11,0.02,0,0.11,0.07,0.05,0,0.4,0,0.17,0.04,50,11,0.6
4.12,8.37,58.76,6.62,0,2.01,15.92,0.09,0,1.1,0,0.03,0.09,0.52,0.06,0.76,0.02,0.06,0.03,0.24,0.21,0.11,0.02,0,0.11,0.07,0.05,0,0.4,0,0.17,0.04,70,3,1.5
4.12,8.37,58.76,6.62,0,2.01,15.92,0.09,0,1.1,0,0.03,0.09,0.52,0.06,0.76,0.02,0.06,0.03,0.24,0.21,0.11,0.02,0,0.11,0.07,0.05,0,0.4,0,0.17,0.04,70,4,0.3
4.12,8.37,58.76,6.62,0,2.01,15.92,0.09,0,1.1,0,0.03,0.09,0.52,0.06,0.76,0.02,0.06,0.03,0.24,0.21,0.11,0.02,0,0.11,0.07,0.05,0,0.4,0,0.17,0.04,70,5.6,0.15
4.12,8.37,58.76,6.62,0,2.01,15.92,0.09,0,1.1,0,0.03,0.09,0.52,0.06,0.76,0.02,0.06,0.03,0.24,0.21,0.11,0.02,0,0.11,0.07,0.05,0,0.4,0,0.17,0.04,70,6.9,0.15
4.12,8.37,58.76,6.62,0,2.01,15.92,0.09,0,1.1,0,0.03,0.09,0.52,0.06,0.76,0.02,0.06,0.03,0.24,0.21,0.11,0.02,0,0.11,0.07,0.05,0,0.4,0,0.17,0.04,70,8,0.2
4.12,8.37,58.76,6.62,0,2.01,15.92,0.09,0,1.1,0,0.03,0.09,0.52,0.06,0.76,0.02,0.06,0.03,0.24,0.21,0.11,0.02,0,0.11,0.07,0.05,0,0.4,0,0.17,0.04,70,10,1.7
4.12,8.37,58.76,6.62,0,2.01,15.92,0.09,0,1.1,0,0.03,0.09,0.52,0.06,0.76,0.02,0.06,0.03,0.24,0.21,0.11,0.02,0,0.11,0.07,0.05,0,0.4,0,0.17,0.04,70,11,3.5
4.12,8.37,58.76,6.62,0,2.01,15.92,0.09,0,1.1,0,0.03,0.09,0.52,0.06,0.76,0.02,0.06,0.03,0.24,0.21,0.11,0.02,0,0.11,0.07,0.05,0,0.4,0,0.17,0.04,90,3,5
4.12,8.37,58.76,6.62,0,2.01,15.92,0.09,0,1.1,0,0.03,0.09,0.52,0.06,0.76,0.02,0.06,0.03,0.24,0.21,0.11,0.02,0,0.11,0.07,0.05,0,0.4,0,0.17,0.04,90,4,0.8
4.12,8.37,58.76,6.62,0,2.01,15.92,0.09,0,1.1,0,0.03,0.09,0.52,0.06,0.76,0.02,0.06,0.03,0.24,0.21,0.11,0.02,0,0.11,0.07,0.05,0,0.4,0,0.17,0.04,90,5.6,0.5
4.12,8.37,58.76,6.62,0,2.01,15.92,0.09,0,1.1,0,0.03,0.09,0.52,0.06,0.76,0.02,0.06,0.03,0.24,0.21,0.11,0.02,0,0.11,0.07,0.05,0,0.4,0,0.17,0.04,90,6.9,0.6
4.12,8.37,58.76,6.62,0,2.01,15.92,0.09,0,1.1,0,0.03,0.09,0.52,0.06,0.76,0.02,0.06,0.03,0.24,0.21,0.11,0.02,0,0.11,0.07,0.05,0,0.4,0,0.17,0.04,90,8,0.7
4.12,8.37,58.76,6.62,0,2.01,15.92,0.09,0,1.1,0,0.03,0.09,0.52,0.06,0.76,0.02,0.06,0.03,0.24,0.21,0.11,0.02,0,0.11,0.07,0.05,0,0.4,0,0.17,0.04,90,10,10
4.12,8.37,58.76,6.62,0,2.01,15.92,0.09,0,1.1,0,0.03,0.09,0.52,0.06,0.76,0.02,0.06,0.03,0.24,0.21,0.11,0.02,0,0.11,0.07,0.05,0,0.4,0,0.17,0.04,90,11,15
0,0,62.4,0,0,5.85,16.87,0,0,8.74,3.9,0,0,0,0,0,0,0,0,0,0,0,0,0,0,0,0,0,0,0,2.23,0,90,7,0.35
0,0,62.4,0,0,5.85,16.87,0,0,8.74,3.9,0,0,0,0,0,0,0,0,0,0,0,0,0,0,0,0,0,0,0,2.23,0,150,7,5.57
0,0,62.4,0,0,5.85,16.87,0,0,8.74,3.9,0,0,0,0,0,0,0,0,0,0,0,0,0,0,0,0,0,0,0,2.23,0,200,7,20.89
0,0,62.69,0,0,5.74,16.54,0,0,8.58,3.82,0,0,0,0,0,0,0,0,1.68,0,0,0,0,0,0,0,0,0,0,0.94,0,90,7,0.21
0,0,62.69,0,0,5.74,16.54,0,0,8.58,3.82,0,0,0,0,0,0,0,0,1.68,0,0,0,0,0,0,0,0,0,0,0.94,0,150,7,1.91
0,0,62.69,0,0,5.74,16.54,0,0,8.58,3.82,0,0,0,0,0,0,0,0,1.68,0,0,0,0,0,0,0,0,0,0,0.94,0,200,7,31.13
0,0,63.62,0,0,7.53,18.09,0,0,0,0,0,0,0,0,0,0,0,0,0,0,0,0,0,0,0,0,0,0,0,10.76,0,90,7.03,0.55
0,0,63.62,0,0,7.53,18.09,0,0,0,0,0,0,0,0,0,0,0,0,0,0,0,0,0,0,0,0,0,0,0,10.76,0,150,7.28,4.54
0,0,63.62,0,0,7.53,18.09,0,0,0,0,0,0,0,0,0,0,0,0,0,0,0,0,0,0,0,0,0,0,0,10.76,0,200,8.55,65.48
0,10.38,61.2,3.16,0,8.47,12.84,0,0,1.07,0,0,0,0,0,0,0,0,0,0.56,0,0,0,0,0,0,0,0,0,0,2.31,0,100,6.75,0.8
0,0,58.26,13.15,0,0,22.71,0,0,5.11,0,0,0,0,0,0,0,0,0,0,0,0,0,0,0,0,0,0,0,0,0,0.77,80,7,0.48
0,0,58.26,13.15,0,0,22.71,0,0,5.11,0,0,0,0,0,0,0,0,0,0,0,0,0,0,0,0,0,0,0,0,0,0.77,80,7,0.96
0,0,58.26,13.15,0,0,22.71,0,0,5.11,0,0,0,0,0,0,0,0,0,0,0,0,0,0,0,0,0,0,0,0,0,0.77,80,7,0.96
0,0,58.26,13.15,0,0,22.71,0,0,5.11,0,0,0,0,0,0,0,0,0,0,0,0,0,0,0,0,0,0,0,0,0,0.77,80,7.5,0.96
0,0,58.26,13.15,0,0,22.71,0,0,5.11,0,0,0,0,0,0,0,0,0,0,0,0,0,0,0,0,0,0,0,0,0,0.77,80,7.5,0.96
0,10.76,59.4,10.76,0,0,18.5,0,0,0,0,0,0,0,0,0,0,0,0,0,0,0,0,0,0,0,0,0,0,0,0,0.59,80,7,1.92
0,10.76,59.4,10.76,0,0,18.5,0,0,0,0,0,0,0,0,0,0,0,0,0,0,0,0,0,0,0,0,0,0,0,0,0.59,80,7,1.92
0,10.76,59.4,10.76,0,0,18.5,0,0,0,0,0,0,0,0,0,0,0,0,0,0,0,0,0,0,0,0,0,0,0,0,0.59,80,7,1.92
0,10.76,59.4,10.76,0,0,18.5,0,0,0,0,0,0,0,0,0,0,0,0,0,0,0,0,0,0,0,0,0,0,0,0,0.59,80,7.5,19.2
0,10.76,59.4,10.76,0,0,18.5,0,0,0,0,0,0,0,0,0,0,0,0,0,0,0,0,0,0,0,0,0,0,0,0,0.59,80,7.5,1.92
0,10.74,60.64,8.47,0,0,20.15,0,0,0,0,0,0,0,0,0,0,0,0,0,0,0,0,0,0,0,0,0,0,0,0,0,90,9,4.5
0,10.74,60.64,8.47,0,0,20.15,0,0,0,0,0,0,0,0,0,0,0,0,0,0,0,0,0,0,0,0,0,0,0,0,0,90,9,4.5
0,9.56,60.33,7.58,0,2.3,18.0,0,0,1.72,0,0,0,0,0,0,0,0,0,0.52,0,0,0,0,0,0,0,0,0,0,0,0,90,11.3,17.87
0,9.56,60.33,7.58,0,2.3,18.0,0,0,1.72,0,0,0,0,0,0,0,0,0,0.52,0,0,0,0,0,0,0,0,0,0,0,0,90,11.0,12.16
0,9.56,60.33,7.58,0,2.3,18.0,0,0,1.72,0,0,0,0,0,0,0,0,0,0.52,0,0,0,0,0,0,0,0,0,0,0,0,90,10.7,10.0
0,9.56,60.33,7.58,0,2.3,18.0,0,0,1.72,0,0,0,0,0,0,0,0,0,0.52,0,0,0,0,0,0,0,0,0,0,0,0,90,9.9,7.48
0,10.72,60.65,8.46,0,0,20.17,0,0,0,0,0,0,0,0,0,0,0,0,0,0,0,0,0,0,0,0,0,0,0,0,0,90,9,4.5
0,10.09,60.6,7.98,0,2.41,18.93,0,0,0,0,0,0,0,0,0,0,0,0,0,0,0,0,0,0,0,0,0,0,0,0,0,90,9,1.1
0,0,58.51,0.82,2.29,0.81,19.69,1.23,9.4,6.91,0,0,0,0.35,0,0,0,0,0,0,0,0,0,0,0,0,0,0,0,0,0,0,4,6.86,0.06
0,0,58.51,0.82,2.29,0.81,19.69,1.23,9.4,6.91,0,0,0,0.35,0,0,0,0,0,0,0,0,0,0,0,0,0,0,0,0,0,0,4,10.04,0.03
0,0,58.51,0.82,2.29,0.81,19.69,1.23,9.4,6.91,0,0,0,0.35,0,0,0,0,0,0,0,0,0,0,0,0,0,0,0,0,0,0,20,3.0,0.14
0,0,58.51,0.82,2.29,0.81,19.69,1.23,9.4,6.91,0,0,0,0.35,0,0,0,0,0,0,0,0,0,0,0,0,0,0,0,0,0,0,20,6.7,0.11
0,0,58.51,0.82,2.29,0.81,19.69,1.23,9.4,6.91,0,0,0,0.35,0,0,0,0,0,0,0,0,0,0,0,0,0,0,0,0,0,0,20,10.05,0.06
0,0,58.51,0.82,2.29,0.81,19.69,1.23,9.4,6.91,0,0,0,0.35,0,0,0,0,0,0,0,0,0,0,0,0,0,0,0,0,0,0,35,3.0,0.68
0,0,58.51,0.82,2.29,0.81,19.69,1.23,9.4,6.91,0,0,0,0.35,0,0,0,0,0,0,0,0,0,0,0,0,0,0,0,0,0,0,35,7.13,0.41
0,0,58.51,0.82,2.29,0.81,19.69,1.23,9.4,6.91,0,0,0,0.35,0,0,0,0,0,0,0,0,0,0,0,0,0,0,0,0,0,0,35,10.0,0.26
0,0,58.51,0.82,2.29,0.81,19.69,1.23,9.4,6.91,0,0,0,0.35,0,0,0,0,0,0,0,0,0,0,0,0,0,0,0,0,0,0,50,2.0,0.93
0,0,58.51,0.82,2.29,0.81,19.69,1.23,9.4,6.91,0,0,0,0.35,0,0,0,0,0,0,0,0,0,0,0,0,0,0,0,0,0,0,50,3.0,0.94
0,0,58.51,0.82,2.29,0.81,19.69,1.23,9.4,6.91,0,0,0,0.35,0,0,0,0,0,0,0,0,0,0,0,0,0,0,0,0,0,0,50,5.45,0.8
0,0,58.51,0.82,2.29,0.81,19.69,1.23,9.4,6.91,0,0,0,0.35,0,0,0,0,0,0,0,0,0,0,0,0,0,0,0,0,0,0,50,6.3,0.77
0,0,58.51,0.82,2.29,0.81,19.69,1.23,9.4,6.91,0,0,0,0.35,0,0,0,0,0,0,0,0,0,0,0,0,0,0,0,0,0,0,50,8.8,0.55
0,0,58.51,0.82,2.29,0.81,19.69,1.23,9.4,6.91,0,0,0,0.35,0,0,0,0,0,0,0,0,0,0,0,0,0,0,0,0,0,0,70,3.26,3.56
0,0,58.51,0.82,2.29,0.81,19.69,1.23,9.4,6.91,0,0,0,0.35,0,0,0,0,0,0,0,0,0,0,0,0,0,0,0,0,0,0,70,6.5,1.84
0,0,58.51,0.82,2.29,0.81,19.69,1.23,9.4,6.91,0,0,0,0.35,0,0,0,0,0,0,0,0,0,0,0,0,0,0,0,0,0,0,70,8.57,1.47
6.06,5.58,59.01,4.54,0,3.7,17.97,0,0,1.79,0,0,0,0,0,0,0,0,0,0.19,0.21,0,0,0,0.16,0,0,0,0.15,0,0.24,0,23,8.99,0.000986
6.06,5.58,59.01,4.54,0,3.7,17.97,0,0,1.79,0,0,0,0,0,0,0,0,0,0.19,0.21,0,0,0,0.16,0,0,0,0.15,0,0.24,0,23,9.99,0.00209
6.06,5.58,59.01,4.54,0,3.7,17.97,0,0,1.79,0,0,0,0,0,0,0,0,0,0.19,0.21,0,0,0,0.16,0,0,0,0.15,0,0.24,0,23,11.0,0.0135
6.06,5.58,59.01,4.54,0,3.7,17.97,0,0,1.79,0,0,0,0,0,0,0,0,0,0.19,0.21,0,0,0,0.16,0,0,0,0.15,0,0.24,0,23,12.02,0.0646
6.06,5.58,59.01,4.54,0,3.7,17.97,0,0,1.79,0,0,0,0,0,0,0,0,0,0.19,0.21,0,0,0,0.16,0,0,0,0.15,0,0.24,0,40,8.67,0.00572
6.06,5.58,59.01,4.54,0,3.7,17.97,0,0,1.79,0,0,0,0,0,0,0,0,0,0.19,0.21,0,0,0,0.16,0,0,0,0.15,0,0.24,0,40,9.55,0.0178
6.06,5.58,59.01,4.54,0,3.7,17.97,0,0,1.79,0,0,0,0,0,0,0,0,0,0.19,0.21,0,0,0,0.16,0,0,0,0.15,0,0.24,0,40,10.89,0.134
6.06,5.58,59.01,4.54,0,3.7,17.97,0,0,1.79,0,0,0,0,0,0,0,0,0,0.19,0.21,0,0,0,0.16,0,0,0,0.15,0,0.24,0,40,11.74,0.415
6.06,5.58,59.01,4.54,0,3.7,17.97,0,0,1.79,0,0,0,0,0,0,0,0,0,0.19,0.21,0,0,0,0.16,0,0,0,0.15,0,0.24,0,70,8.08,0.111
6.06,5.58,59.01,4.54,0,3.7,17.97,0,0,1.79,0,0,0,0,0,0,0,0,0,0.19,0.21,0,0,0,0.16,0,0,0,0.15,0,0.24,0,70,8.88,0.193
6.06,5.58,59.01,4.54,0,3.7,17.97,0,0,1.79,0,0,0,0,0,0,0,0,0,0.19,0.21,0,0,0,0.16,0,0,0,0.15,0,0.24,0,70,10.43,0.888
6.06,5.58,59.01,4.54,0,3.7,17.97,0,0,1.79,0,0,0,0,0,0,0,0,0,0.19,0.21,0,0,0,0.16,0,0,0,0.15,0,0.24,0,70,11.08,1.8
6.06,5.58,59.01,4.54,0,3.7,17.97,0,0,1.79,0,0,0,0,0,0,0,0,0,0.19,0.21,0,0,0,0.16,0,0,0,0.15,0,0.24,0,90,7.72,0.35
6.06,5.58,59.01,4.54,0,3.7,17.97,0,0,1.79,0,0,0,0,0,0,0,0,0,0.19,0.21,0,0,0,0.16,0,0,0,0.15,0,0.24,0,90,8.52,0.663
6.06,5.58,59.01,4.54,0,3.7,17.97,0,0,1.79,0,0,0,0,0,0,0,0,0,0.19,0.21,0,0,0,0.16,0,0,0,0.15,0,0.24,0,90,10.06,3.36
0,9.57,60.33,7.58,0,2.3,18.0,0,0,1.72,0,0,0,0,0,0,0,0,0,0.52,0,0,0,0,0,0,0,0,0,0,0,0,23,8.99,0.00387
0,9.57,60.33,7.58,0,2.3,18.0,0,0,1.72,0,0,0,0,0,0,0,0,0,0.52,0,0,0,0,0,0,0,0,0,0,0,0,23,9.99,0.00858
0,9.57,60.33,7.58,0,2.3,18.0,0,0,1.72,0,0,0,0,0,0,0,0,0,0.52,0,0,0,0,0,0,0,0,0,0,0,0,23,11.0,0.0177
0,9.57,60.33,7.58,0,2.3,18.0,0,0,1.72,0,0,0,0,0,0,0,0,0,0.52,0,0,0,0,0,0,0,0,0,0,0,0,23,12.02,0.0409
0,9.57,60.33,7.58,0,2.3,18.0,0,0,1.72,0,0,0,0,0,0,0,0,0,0.52,0,0,0,0,0,0,0,0,0,0,0,0,40,8.67,0.018
0,9.57,60.33,7.58,0,2.3,18.0,0,0,1.72,0,0,0,0,0,0,0,0,0,0.52,0,0,0,0,0,0,0,0,0,0,0,0,40,9.55,0.0948
0,9.57,60.33,7.58,0,2.3,18.0,0,0,1.72,0,0,0,0,0,0,0,0,0,0.52,0,0,0,0,0,0,0,0,0,0,0,0,40,10.89,0.25
0,9.57,60.33,7.58,0,2.3,18.0,0,0,1.72,0,0,0,0,0,0,0,0,0,0.52,0,0,0,0,0,0,0,0,0,0,0,0,40,11.74,0.5
0,9.57,60.33,7.58,0,2.3,18.0,0,0,1.72,0,0,0,0,0,0,0,0,0,0.52,0,0,0,0,0,0,0,0,0,0,0,0,70,8.08,0.0206
0,9.57,60.33,7.58,0,2.3,18.0,0,0,1.72,0,0,0,0,0,0,0,0,0,0.52,0,0,0,0,0,0,0,0,0,0,0,0,70,8.88,0.58
0,9.57,60.33,7.58,0,2.3,18.0,0,0,1.72,0,0,0,0,0,0,0,0,0,0.52,0,0,0,0,0,0,0,0,0,0,0,0,70,10.43,0.955
0,9.57,60.33,7.58,0,2.3,18.0,0,0,1.72,0,0,0,0,0,0,0,0,0,0.52,0,0,0,0,0,0,0,0,0,0,0,0,70,11.08,3.72
0,9.57,60.33,7.58,0,2.3,18.0,0,0,1.72,0,0,0,0,0,0,0,0,0,0.52,0,0,0,0,0,0,0,0,0,0,0,0,90,7.72,0.154
0,9.57,60.33,7.58,0,2.3,18.0,0,0,1.72,0,0,0,0,0,0,0,0,0,0.52,0,0,0,0,0,0,0,0,0,0,0,0,90,8.52,1.23
0,9.57,60.33,7.58,0,2.3,18.0,0,0,1.72,0,0,0,0,0,0,0,0,0,0.52,0,0,0,0,0,0,0,0,0,0,0,0,90,10.06,3.44
0,9.57,60.33,7.58,0,2.3,18.0,0,0,1.72,0,0,0,0,0,0,0,0,0,0.52,0,0,0,0,0,0,0,0,0,0,0,0,90,10.7,5.95
2.79,8.5,58.94,6.9,0,2.05,15.97,0,0,1.52,0,0,0,0.79,0,0.65,0,0,0,0.47,0.26,0,0,0,0.16,0,0,0,0.12,0,0.25,0,23,8.99,0.00178
2.79,8.5,58.94,6.9,0,2.05,15.97,0,0,1.52,0,0,0,0.79,0,0.65,0,0,0,0.47,0.26,0,0,0,0.16,0,0,0,0.12,0,0.25,0,23,9.99,0.00388
2.79,8.5,58.94,6.9,0,2.05,15.97,0,0,1.52,0,0,0,0.79,0,0.65,0,0,0,0.47,0.26,0,0,0,0.16,0,0,0,0.12,0,0.25,0,23,11.0,0.0114
2.79,8.5,58.94,6.9,0,2.05,15.97,0,0,1.52,0,0,0,0.79,0,0.65,0,0,0,0.47,0.26,0,0,0,0.16,0,0,0,0.12,0,0.25,0,23,12.02,0.0433
2.79,8.5,58.94,6.9,0,2.05,15.97,0,0,1.52,0,0,0,0.79,0,0.65,0,0,0,0.47,0.26,0,0,0,0.16,0,0,0,0.12,0,0.25,0,40,8.67,0.0243
2.79,8.5,58.94,6.9,0,2.05,15.97,0,0,1.52,0,0,0,0.79,0,0.65,0,0,0,0.47,0.26,0,0,0,0.16,0,0,0,0.12,0,0.25,0,40,9.55,0.0283
2.79,8.5,58.94,6.9,0,2.05,15.97,0,0,1.52,0,0,0,0.79,0,0.65,0,0,0,0.47,0.26,0,0,0,0.16,0,0,0,0.12,0,0.25,0,40,10.89,0.172
2.79,8.5,58.94,6.9,0,2.05,15.97,0,0,1.52,0,0,0,0.79,0,0.65,0,0,0,0.47,0.26,0,0,0,0.16,0,0,0,0.12,0,0.25,0,40,11.74,0.75
2.79,8.5,58.94,6.9,0,2.05,15.97,0,0,1.52,0,0,0,0.79,0,0.65,0,0,0,0.47,0.26,0,0,0,0.16,0,0,0,0.12,0,0.25,0,70,8.08,0.154
2.79,8.5,58.94,6.9,0,2.05,15.97,0,0,1.52,0,0,0,0.79,0,0.65,0,0,0,0.47,0.26,0,0,0,0.16,0,0,0,0.12,0,0.25,0,70,8.88,0.189
2.79,8.5,58.94,6.9,0,2.05,15.97,0,0,1.52,0,0,0,0.79,0,0.65,0,0,0,0.47,0.26,0,0,0,0.16,0,0,0,0.12,0,0.25,0,70,10.43,0.741
2.79,8.5,58.94,6.9,0,2.05,15.97,0,0,1.52,0,0,0,0.79,0,0.65,0,0,0,0.47,0.26,0,0,0,0.16,0,0,0,0.12,0,0.25,0,70,11.08,2.67
2.79,8.5,58.94,6.9,0,2.05,15.97,0,0,1.52,0,0,0,0.79,0,0.65,0,0,0,0.47,0.26,0,0,0,0.16,0,0,0,0.12,0,0.25,0,90,7.72,0.369
2.79,8.5,58.94,6.9,0,2.05,15.97,0,0,1.52,0,0,0,0.79,0,0.65,0,0,0,0.47,0.26,0,0,0,0.16,0,0,0,0.12,0,0.25,0,90,8.52,0.92
2.79,8.5,58.94,6.9,0,2.05,15.97,0,0,1.52,0,0,0,0.79,0,0.65,0,0,0,0.47,0.26,0,0,0,0.16,0,0,0,0.12,0,0.25,0,90,10.06,2.11
2.79,8.5,58.94,6.9,0,2.05,15.97,0,0,1.52,0,0,0,0.79,0,0.65,0,0,0,0.47,0.26,0,0,0,0.16,0,0,0,0.12,0,0.25,0,90,10.7,4.61