Li,B,O,Na,Mg,Al,Si,P,K,Ca,Ti,Cr,Mn,Fe,Ni,Zn,Sr,Y,Zr,Mo,Ru,Ag,Cd,Sn,Sb,Te,Cs,Ba,La,Ce,Pr,Nd,S_autres_TR,Th,U,Temp√©rature,Poh,V0_B_ou_r0_B
6.4,10.45,58.43,5.21,0.66,0.73,15.3,0,0,0,0,0.1,0,0.47,0.07,0,0.06,0.02,0.39,0.28,0.07,0,0,0,0,0.03,0.23,0.16,0.08,0.14,0.06,0.21,0.45,0,0,23,6.044681749,0.005
6.4,10.45,58.43,5.21,0.66,0.73,15.3,0,0,0,0,0.1,0,0.47,0.07,0,0.06,0.02,0.39,0.28,0.07,0,0,0,0,0.03,0.23,0.16,0.08,0.14,0.06,0.21,0.45,0,0,40,5.574956091,0.051
6.4,10.45,58.43,5.21,0.66,0.73,15.3,0,0,0,0,0.1,0,0.47,0.07,0,0.06,0.02,0.39,0.28,0.07,0,0,0,0,0.03,0.23,0.16,0.08,0.14,0.06,0.21,0.45,0,0,70,5.007263587,0.395
6.4,10.45,58.43,5.21,0.66,0.73,15.3,0,0,0,0,0.1,0,0.47,0.07,0,0.06,0.02,0.39,0.28,0.07,0,0,0,0,0.03,0.23,0.16,0.08,0.14,0.06,0.21,0.45,0,0,23,4.044681749,0.027
6.4,10.45,58.43,5.21,0.66,0.73,15.3,0,0,0,0,0.1,0,0.47,0.07,0,0.06,0.02,0.39,0.28,0.07,0,0,0,0,0.03,0.23,0.16,0.08,0.14,0.06,0.21,0.45,0,0,40,3.674956091,0.106
6.4,10.45,58.43,5.21,0.66,0.73,15.3,0,0,0,0,0.1,0,0.47,0.07,0,0.06,0.02,0.39,0.28,0.07,0,0,0,0,0.03,0.23,0.16,0.08,0.14,0.06,0.21,0.45,0,0,70,3.307263587,2.548
6.4,10.45,58.43,5.21,0.66,0.73,15.3,0,0,0,0,0.1,0,0.47,0.07,0,0.06,0.02,0.39,0.28,0.07,0,0,0,0,0.03,0.23,0.16,0.08,0.14,0.06,0.21,0.45,0,0,23,2.044681749,0.489
6.4,10.45,58.43,5.21,0.66,0.73,15.3,0,0,0,0,0.1,0,0.47,0.07,0,0.06,0.02,0.39,0.28,0.07,0,0,0,0,0.03,0.23,0.16,0.08,0.14,0.06,0.21,0.45,0,0,40,1.974956091,2.16
5.9,10.35,58.61,5.07,0.83,0.94,14.99,0,0,0,0,0.12,0,0.52,0.13,0,0.07,0.02,0.46,0.35,0.08,0,0,0,0,0.04,0.29,0.18,0.09,0.16,0.06,0.22,0.51,0,0,23,6.044681749,0.005
5.9,10.35,58.61,5.07,0.83,0.94,14.99,0,0,0,0,0.12,0,0.52,0.13,0,0.07,0.02,0.46,0.35,0.08,0,0,0,0,0.04,0.29,0.18,0.09,0.16,0.06,0.22,0.51,0,0,40,5.574956091,0.022
5.9,10.35,58.61,5.07,0.83,0.94,14.99,0,0,0,0,0.12,0,0.52,0.13,0,0.07,0.02,0.46,0.35,0.08,0,0,0,0,0.04,0.29,0.18,0.09,0.16,0.06,0.22,0.51,0,0,70,5.007263587,0.369
5.9,10.35,58.61,5.07,0.83,0.94,14.99,0,0,0,0,0.12,0,0.52,0.13,0,0.07,0.02,0.46,0.35,0.08,0,0,0,0,0.04,0.29,0.18,0.09,0.16,0.06,0.22,0.51,0,0,23,4.044681749,0.024
5.9,10.35,58.61,5.07,0.83,0.94,14.99,0,0,0,0,0.12,0,0.52,0.13,0,0.07,0.02,0.46,0.35,0.08,0,0,0,0,0.04,0.29,0.18,0.09,0.16,0.06,0.22,0.51,0,0,40,3.674956091,0.189
5.9,10.35,58.61,5.07,0.83,0.94,14.99,0,0,0,0,0.12,0,0.52,0.13,0,0.07,0.02,0.46,0.35,0.08,0,0,0,0,0.04,0.29,0.18,0.09,0.16,0.06,0.22,0.51,0,0,70,3.307263587,1.57
5.9,10.35,58.61,5.07,0.83,0.94,14.99,0,0,0,0,0.12,0,0.52,0.13,0,0.07,0.02,0.46,0.35,0.08,0,0,0,0,0.04,0.29,0.18,0.09,0.16,0.06,0.22,0.51,0,0,23,2.044681749,0.536
5.9,10.35,58.61,5.07,0.83,0.94,14.99,0,0,0,0,0.12,0,0.52,0.13,0,0.07,0.02,0.46,0.35,0.08,0,0,0,0,0.04,0.29,0.18,0.09,0.16,0.06,0.22,0.51,0,0,40,1.974956091,2.643
0,9.58,60.32,7.61,0,2.28,18.0,0,0,1.71,0,0,0,0,0,0,0,0,0.51,0,0,0,0,0,0,0,0,0,0,0,0,0,0,0,0,90,3.108446923,3.8
0,9.58,60.32,7.61,0,2.28,18.0,0,0,1.71,0,0,0,0,0,0,0,0,0.51,0,0,0,0,0,0,0,0,0,0,0,0,0,0,0,0,90,3.108446923,3.6
0,9.58,60.32,7.61,0,2.28,18.0,0,0,1.71,0,0,0,0,0,0,0,0,0.51,0,0,0,0,0,0,0,0,0,0,0,0,0,0,0,0,90,3.108446923,3.7
0,10.38,61.2,3.16,0,8.47,12.84,0,0,1.07,0,0,0,0,0,0,0,0,0.56,0,0,0,0,0,0,0,0,0,0,0,0,2.31,0,0,0,100,5.129090178,0.8
0,10.76,59.4,10.76,0,0,18.5,0,0,0,0,0,0,0,0,0,0,0,0,0,0,0,0,0,0,0,0,0,0,0,0,0,0.59,0,0,80,5.950792864,2.88
21.35,0,49.6,0,0,0,0,1.12,0,11.38,0,0,0.55,0,0,4.9,0.52,0.28,2.2,1.51,0.76,0.04,0.04,0.02,0,0.23,1.25,0.63,0.9,0,0.44,1.55,0.53,0.19,0.03,50,4.26782454,1.94
21.35,0,49.6,0,0,0,0,1.12,0,11.38,0,0,0.55,0,0,4.9,0.52,0.28,2.2,1.51,0.76,0.04,0.04,0.02,0,0.23,1.25,0.63,0.9,0,0.44,1.55,0.53,0.19,0.03,50,3.86782454,2.15
21.35,0,49.6,0,0,0,0,1.12,0,11.38,0,0,0.55,0,0,4.9,0.52,0.28,2.2,1.51,0.76,0.04,0.04,0.02,0,0.23,1.25,0.63,0.9,0,0.44,1.55,0.53,0.19,0.03,50,3.76782454,2.94
21.35,0,49.6,0,0,0,0,1.12,0,11.38,0,0,0.55,0,0,4.9,0.52,0.28,2.2,1.51,0.76,0.04,0.04,0.02,0,0.23,1.25,0.63,0.9,0,0.44,1.55,0.53,0.19,0.03,50,3.96782454,1.79
21.35,0,49.6,0,0,0,0,1.12,0,11.38,0,0,0.55,0,0,4.9,0.52,0.28,2.2,1.51,0.76,0.04,0.04,0.02,0,0.23,1.25,0.63,0.9,0,0.44,1.55,0.53,0.19,0.03,50,4.06782454,1.58
21.35,0,49.6,0,0,0,0,1.12,0,11.38,0,0,0.55,0,0,4.9,0.52,0.28,2.2,1.51,0.76,0.04,0.04,0.02,0,0.23,1.25,0.63,0.9,0,0.44,1.55,0.53,0.19,0.03,50,3.76782454,1.61
21.35,0,49.6,0,0,0,0,1.12,0,11.38,0,0,0.55,0,0,4.9,0.52,0.28,2.2,1.51,0.76,0.04,0.04,0.02,0,0.23,1.25,0.63,0.9,0,0.44,1.55,0.53,0.19,0.03,50,4.36782454,1.82
21.35,0,49.6,0,0,0,0,1.12,0,11.38,0,0,0.55,0,0,4.9,0.52,0.28,2.2,1.51,0.76,0.04,0.04,0.02,0,0.23,1.25,0.63,0.9,0,0.44,1.55,0.53,0.19,0.03,50,3.96782454,2.38
21.35,0,49.6,0,0,0,0,1.12,0,11.38,0,0,0.55,0,0,4.9,0.52,0.28,2.2,1.51,0.76,0.04,0.04,0.02,0,0.23,1.25,0.63,0.9,0,0.44,1.55,0.53,0.19,0.03,50,4.16782454,2.43
21.35,0,49.6,0,0,0,0,1.12,0,11.38,0,0,0.55,0,0,4.9,0.52,0.28,2.2,1.51,0.76,0.04,0.04,0.02,0,0.23,1.25,0.63,0.9,0,0.44,1.55,0.53,0.19,0.03,50,4.56782454,3.06
21.35,0,49.6,0,0,0,0,1.12,0,11.38,0,0,0.55,0,0,4.9,0.52,0.28,2.2,1.51,0.76,0.04,0.04,0.02,0,0.23,1.25,0.63,0.9,0,0.44,1.55,0.53,0.19,0.03,50,3.66782454,1.62
21.35,0,49.6,0,0,0,0,1.12,0,11.38,0,0,0.55,0,0,4.9,0.52,0.28,2.2,1.51,0.76,0.04,0.04,0.02,0,0.23,1.25,0.63,0.9,0,0.44,1.55,0.53,0.19,0.03,50,4.46782454,1.31
21.35,0,49.6,0,0,0,0,1.12,0,11.38,0,0,0.55,0,0,4.9,0.52,0.28,2.2,1.51,0.76,0.04,0.04,0.02,0,0.23,1.25,0.63,0.9,0,0.44,1.55,0.53,0.19,0.03,50,3.66782454,2.42
21.35,0,49.6,0,0,0,0,1.12,0,11.38,0,0,0.55,0,0,4.9,0.52,0.28,2.2,1.51,0.76,0.04,0.04,0.02,0,0.23,1.25,0.63,0.9,0,0.44,1.55,0.53,0.19,0.03,50,4.36782454,2.62
21.35,0,49.6,0,0,0,0,1.12,0,11.38,0,0,0.55,0,0,4.9,0.52,0.28,2.2,1.51,0.76,0.04,0.04,0.02,0,0.23,1.25,0.63,0.9,0,0.44,1.55,0.53,0.19,0.03,50,3.86782454,2.34
21.35,0,49.6,0,0,0,0,1.12,0,11.38,0,0,0.55,0,0,4.9,0.52,0.28,2.2,1.51,0.76,0.04,0.04,0.02,0,0.23,1.25,0.63,0.9,0,0.44,1.55,0.53,0.19,0.03,50,4.26782454,2.08
21.35,0,49.6,0,0,0,0,1.12,0,11.38,0,0,0.55,0,0,4.9,0.52,0.28,2.2,1.51,0.76,0.04,0.04,0.02,0,0.23,1.25,0.63,0.9,0,0.44,1.55,0.53,0.19,0.03,50,4.16782454,2.5
21.35,0,49.6,0,0,0,0,1.12,0,11.38,0,0,0.55,0,0,4.9,0.52,0.28,2.2,1.51,0.76,0.04,0.04,0.02,0,0.23,1.25,0.63,0.9,0,0.44,1.55,0.53,0.19,0.03,50,4.46782454,3.32
21.35,0,49.6,0,0,0,0,1.12,0,11.38,0,0,0.55,0,0,4.9,0.52,0.28,2.2,1.51,0.76,0.04,0.04,0.02,0,0.23,1.25,0.63,0.9,0,0.44,1.55,0.53,0.19,0.03,50,4.16782454,2.29
21.35,0,49.6,0,0,0,0,1.12,0,11.38,0,0,0.55,0,0,4.9,0.52,0.28,2.2,1.51,0.76,0.04,0.04,0.02,0,0.23,1.25,0.63,0.9,0,0.44,1.55,0.53,0.19,0.03,50,3.86782454,3.35
21.35,0,49.6,0,0,0,0,1.12,0,11.38,0,0,0.55,0,0,4.9,0.52,0.28,2.2,1.51,0.76,0.04,0.04,0.02,0,0.23,1.25,0.63,0.9,0,0.44,1.55,0.53,0.19,0.03,50,3.96782454,2.63
21.35,0,49.6,0,0,0,0,1.12,0,11.38,0,0,0.55,0,0,4.9,0.52,0.28,2.2,1.51,0.76,0.04,0.04,0.02,0,0.23,1.25,0.63,0.9,0,0.44,1.55,0.53,0.19,0.03,50,4.16782454,2.27
21.35,0,49.6,0,0,0,0,1.12,0,11.38,0,0,0.55,0,0,4.9,0.52,0.28,2.2,1.51,0.76,0.04,0.04,0.02,0,0.23,1.25,0.63,0.9,0,0.44,1.55,0.53,0.19,0.03,50,4.06782454,2.37
11.96,0,55.33,0,0,0,0,0,0,0,0,2.18,0.41,11.92,1.79,0,0,0.47,1.7,1.21,1.21,0.39,0.1,0.06,0.03,0.39,2.25,0.99,1.54,0,0.76,2.47,1.48,0.19,1.16,50,4.16782454,3.26
11.96,0,55.33,0,0,0,0,0,0,0,0,2.18,0.41,11.92,1.79,0,0,0.47,1.7,1.21,1.21,0.39,0.1,0.06,0.03,0.39,2.25,0.99,1.54,0,0.76,2.47,1.48,0.19,1.16,50,3.86782454,2.79
11.96,0,55.33,0,0,0,0,0,0,0,0,2.18,0.41,11.92,1.79,0,0,0.47,1.7,1.21,1.21,0.39,0.1,0.06,0.03,0.39,2.25,0.99,1.54,0,0.76,2.47,1.48,0.19,1.16,50,3.96782454,1.32
11.96,0,55.33,0,0,0,0,0,0,0,0,2.18,0.41,11.92,1.79,0,0,0.47,1.7,1.21,1.21,0.39,0.1,0.06,0.03,0.39,2.25,0.99,1.54,0,0.76,2.47,1.48,0.19,1.16,50,4.16782454,1.8
11.96,0,55.33,0,0,0,0,0,0,0,0,2.18,0.41,11.92,1.79,0,0,0.47,1.7,1.21,1.21,0.39,0.1,0.06,0.03,0.39,2.25,0.99,1.54,0,0.76,2.47,1.48,0.19,1.16,50,3.36782454,2.89
0,0.67,62.32,0,0,4.11,19.62,0,0,10.2,1.81,0,0,0,0,0,0,0,0.38,0,0,0,0,0,0,0,0,0,0,0,0,0.9,0,0,0,90,3.408446923,0.49
0,0.67,62.32,0,0,4.11,19.62,0,0,10.2,1.81,0,0,0,0,0,0,0,0.38,0,0,0,0,0,0,0,0,0,0,0,0,0.9,0,0,0,90,3.438446923,0.78
0,0.67,62.32,0,0,4.11,19.62,0,0,10.2,1.81,0,0,0,0,0,0,0,0.38,0,0,0,0,0,0,0,0,0,0,0,0,0.9,0,0,0,90,3.158446923,1.25
0,0.67,62.32,0,0,4.11,19.62,0,0,10.2,1.81,0,0,0,0,0,0,0,0.38,0,0,0,0,0,0,0,0,0,0,0,0,0.9,0,0,0,90,3.598446923,0.79
0,0.67,62.32,0,0,4.11,19.62,0,0,10.2,1.81,0,0,0,0,0,0,0,0.38,0,0,0,0,0,0,0,0,0,0,0,0,0.9,0,0,0,90,3.268446923,0.55
0,0.67,62.32,0,0,4.11,19.62,0,0,10.2,1.81,0,0,0,0,0,0,0,0.38,0,0,0,0,0,0,0,0,0,0,0,0,0.9,0,0,0,90,3.258446923,1.74
0,0.67,62.32,0,0,4.11,19.62,0,0,10.2,1.81,0,0,0,0,0,0,0,0.38,0,0,0,0,0,0,0,0,0,0,0,0,0.9,0,0,0,90,3.418446923,1.43
0,0.67,62.32,0,0,4.11,19.62,0,0,10.2,1.81,0,0,0,0,0,0,0,0.38,0,0,0,0,0,0,0,0,0,0,0,0,0.9,0,0,0,90,3.558446923,1.03
0,0.67,62.32,0,0,4.11,19.62,0,0,10.2,1.81,0,0,0,0,0,0,0,0.38,0,0,0,0,0,0,0,0,0,0,0,0,0.9,0,0,0,90,3.508446923,1.08
0,0.67,62.32,0,0,4.11,19.62,0,0,10.2,1.81,0,0,0,0,0,0,0,0.38,0,0,0,0,0,0,0,0,0,0,0,0,0.9,0,0,0,90,3.688446923,0.98
0,0.67,62.32,0,0,4.11,19.62,0,0,10.2,1.81,0,0,0,0,0,0,0,0.38,0,0,0,0,0,0,0,0,0,0,0,0,0.9,0,0,0,90,3.378446923,1.06
0,0.67,62.32,0,0,4.11,19.62,0,0,10.2,1.81,0,0,0,0,0,0,0,0.38,0,0,0,0,0,0,0,0,0,0,0,0,0.9,0,0,0,90,3.568446923,0.97
0,0.67,62.32,0,0,4.11,19.62,0,0,10.2,1.81,0,0,0,0,0,0,0,0.38,0,0,0,0,0,0,0,0,0,0,0,0,0.9,0,0,0,90,3.268446923,2.6
0,0.67,62.32,0,0,4.11,19.62,0,0,10.2,1.81,0,0,0,0,0,0,0,0.38,0,0,0,0,0,0,0,0,0,0,0,0,0.9,0,0,0,90,3.418446923,1.54
0,0.67,62.32,0,0,4.11,19.62,0,0,10.2,1.81,0,0,0,0,0,0,0,0.38,0,0,0,0,0,0,0,0,0,0,0,0,0.9,0,0,0,90,3.178446923,2.07
0,0.67,62.32,0,0,4.11,19.62,0,0,10.2,1.81,0,0,0,0,0,0,0,0.38,0,0,0,0,0,0,0,0,0,0,0,0,0.9,0,0,0,90,3.578446923,0.55
0,0.67,62.32,0,0,4.11,19.62,0,0,10.2,1.81,0,0,0,0,0,0,0,0.38,0,0,0,0,0,0,0,0,0,0,0,0,0.9,0,0,0,90,3.218446923,1.64
0,0.67,62.32,0,0,4.11,19.62,0,0,10.2,1.81,0,0,0,0,0,0,0,0.38,0,0,0,0,0,0,0,0,0,0,0,0,0.9,0,0,0,90,3.518446923,1.26
0,0.67,62.32,0,0,4.11,19.62,0,0,10.2,1.81,0,0,0,0,0,0,0,0.38,0,0,0,0,0,0,0,0,0,0,0,0,0.9,0,0,0,90,3.238446923,1.36
0,0.67,62.32,0,0,4.11,19.62,0,0,10.2,1.81,0,0,0,0,0,0,0,0.38,0,0,0,0,0,0,0,0,0,0,0,0,0.9,0,0,0,90,3.518446923,0.57
0,0.67,62.32,0,0,4.11,19.62,0,0,10.2,1.81,0,0,0,0,0,0,0,0.38,0,0,0,0,0,0,0,0,0,0,0,0,0.9,0,0,0,90,3.368446923,1.06
0,10.09,60.6,7.98,0,2.41,18.93,0,0,0,0,0,0,0,0,0,0,0,0,0,0,0,0,0,0,0,0,0,0,0,0,0,0,0,0,90,3.108446923,1.1
0,9.73,60.24,7.69,0,2.34,18.29,0,0,1.72,0,0,0,0,0,0,0,0,0,0,0,0,0,0,0,0,0,0,0,0,0,0,0,0,0,90,3.108446923,2.4
0,9.57,60.33,7.58,0,2.27,18.02,0,0,1.72,0,0,0,0,0,0,0,0,0.52,0,0,0,0,0,0,0,0,0,0,0,0,0,0,0,0,90,3.108446923,1.7
0,9.57,60.35,7.55,0,2.29,18.03,0,0,1.7,0,0,0,0,0,0,0,0,0.51,0,0,0,0,0,0,0,0,0,0,0,0,0,0,0,0,90,3.108446923,1.6
3.04,9.18,59.12,7.19,0,2.2,17.16,0,0,1.62,0,0,0,0,0,0,0,0,0.5,0,0,0,0,0,0,0,0,0,0,0,0,0,0,0,0,90,3.108446923,2.2
0,9.91,60.71,7.83,0,2.38,18.64,0,0,0,0,0,0,0,0,0,0,0,0.54,0,0,0,0,0,0,0,0,0,0,0,0,0,0,0,0,90,3.108446923,1.1
3.05,9.1,59.01,7.43,0,2.19,17.1,0,0,1.63,0,0,0,0,0,0,0,0,0.5,0,0,0,0,0,0,0,0,0,0,0,0,0,0,0,0,90,2.808446923,2.2
6.06,5.58,59.01,4.54,0,3.7,17.97,0,0,1.79,0,0,0,0,0,0,0,0,0.19,0.21,0,0,0,0,0,0,0.16,0,0,0.15,0,0.24,0,0,0,23,5.054681749,0.00164
6.06,5.58,59.01,4.54,0,3.7,17.97,0,0,1.79,0,0,0,0,0,0,0,0,0.19,0.21,0,0,0,0,0,0,0.16,0,0,0.15,0,0.24,0,0,0,23,4.054681749,0.00219
6.06,5.58,59.01,4.54,0,3.7,17.97,0,0,1.79,0,0,0,0,0,0,0,0,0.19,0.21,0,0,0,0,0,0,0.16,0,0,0.15,0,0.24,0,0,0,23,3.044681749,0.014
6.06,5.58,59.01,4.54,0,3.7,17.97,0,0,1.79,0,0,0,0,0,0,0,0,0.19,0.21,0,0,0,0,0,0,0.16,0,0,0.15,0,0.24,0,0,0,23,2.024681749,0.0637
6.06,5.58,59.01,4.54,0,3.7,17.97,0,0,1.79,0,0,0,0,0,0,0,0,0.19,0.21,0,0,0,0,0,0,0.16,0,0,0.15,0,0.24,0,0,0,40,4.804956091,0.00582
6.06,5.58,59.01,4.54,0,3.7,17.97,0,0,1.79,0,0,0,0,0,0,0,0,0.19,0.21,0,0,0,0,0,0,0.16,0,0,0.15,0,0.24,0,0,0,40,3.924956091,0.0164
6.06,5.58,59.01,4.54,0,3.7,17.97,0,0,1.79,0,0,0,0,0,0,0,0,0.19,0.21,0,0,0,0,0,0,0.16,0,0,0.15,0,0.24,0,0,0,40,2.584956091,0.0973
6.06,5.58,59.01,4.54,0,3.7,17.97,0,0,1.79,0,0,0,0,0,0,0,0,0.19,0.21,0,0,0,0,0,0,0.16,0,0,0.15,0,0.24,0,0,0,40,1.734956091,0.349
6.06,5.58,59.01,4.54,0,3.7,17.97,0,0,1.79,0,0,0,0,0,0,0,0,0.19,0.21,0,0,0,0,0,0,0.16,0,0,0.15,0,0.24,0,0,0,70,4.527263587,0.107
6.06,5.58,59.01,4.54,0,3.7,17.97,0,0,1.79,0,0,0,0,0,0,0,0,0.19,0.21,0,0,0,0,0,0,0.16,0,0,0.15,0,0.24,0,0,0,70,3.727263587,0.186
6.06,5.58,59.01,4.54,0,3.7,17.97,0,0,1.79,0,0,0,0,0,0,0,0,0.19,0.21,0,0,0,0,0,0,0.16,0,0,0.15,0,0.24,0,0,0,70,2.177263587,0.854
6.06,5.58,59.01,4.54,0,3.7,17.97,0,0,1.79,0,0,0,0,0,0,0,0,0.19,0.21,0,0,0,0,0,0,0.16,0,0,0.15,0,0.24,0,0,0,70,1.527263587,1.73
6.06,5.58,59.01,4.54,0,3.7,17.97,0,0,1.79,0,0,0,0,0,0,0,0,0.19,0.21,0,0,0,0,0,0,0.16,0,0,0.15,0,0.24,0,0,0,90,4.388446923,0.312
6.06,5.58,59.01,4.54,0,3.7,17.97,0,0,1.79,0,0,0,0,0,0,0,0,0.19,0.21,0,0,0,0,0,0,0.16,0,0,0.15,0,0.24,0,0,0,90,3.588446923,0.662
6.06,5.58,59.01,4.54,0,3.7,17.97,0,0,1.79,0,0,0,0,0,0,0,0,0.19,0.21,0,0,0,0,0,0,0.16,0,0,0.15,0,0.24,0,0,0,90,2.048446923,3.43
0,9.57,60.33,7.58,0,2.3,18.0,0,0,1.72,0,0,0,0,0,0,0,0,0.52,0,0,0,0,0,0,0,0,0,0,0,0,0,0,0,0,23,5.054681749,0.00413
0,9.57,60.33,7.58,0,2.3,18.0,0,0,1.72,0,0,0,0,0,0,0,0,0.52,0,0,0,0,0,0,0,0,0,0,0,0,0,0,0,0,23,4.054681749,0.00882
0,9.57,60.33,7.58,0,2.3,18.0,0,0,1.72,0,0,0,0,0,0,0,0,0.52,0,0,0,0,0,0,0,0,0,0,0,0,0,0,0,0,23,3.044681749,0.0179
0,9.57,60.33,7.58,0,2.3,18.0,0,0,1.72,0,0,0,0,0,0,0,0,0.52,0,0,0,0,0,0,0,0,0,0,0,0,0,0,0,0,23,2.024681749,0.0425
0,9.57,60.33,7.58,0,2.3,18.0,0,0,1.72,0,0,0,0,0,0,0,0,0.52,0,0,0,0,0,0,0,0,0,0,0,0,0,0,0,0,40,4.804956091,0.0165
0,9.57,60.33,7.58,0,2.3,18.0,0,0,1.72,0,0,0,0,0,0,0,0,0.52,0,0,0,0,0,0,0,0,0,0,0,0,0,0,0,0,40,3.924956091,0.0874
0,9.57,60.33,7.58,0,2.3,18.0,0,0,1.72,0,0,0,0,0,0,0,0,0.52,0,0,0,0,0,0,0,0,0,0,0,0,0,0,0,0,40,2.584956091,0.10
0,9.57,60.33,7.58,0,2.3,18.0,0,0,1.72,0,0,0,0,0,0,0,0,0.52,0,0,0,0,0,0,0,0,0,0,0,0,0,0,0,0,40,1.734956091,0.389
0,9.57,60.33,7.58,0,2.3,18.0,0,0,1.72,0,0,0,0,0,0,0,0,0.52,0,0,0,0,0,0,0,0,0,0,0,0,0,0,0,0,70,4.527263587,0.118
0,9.57,60.33,7.58,0,2.3,18.0,0,0,1.72,0,0,0,0,0,0,0,0,0.52,0,0,0,0,0,0,0,0,0,0,0,0,0,0,0,0,70,3.727263587,0.56
0,9.57,60.33,7.58,0,2.3,18.0,0,0,1.72,0,0,0,0,0,0,0,0,0.52,0,0,0,0,0,0,0,0,0,0,0,0,0,0,0,0,70,2.177263587,0.944
0,9.57,60.33,7.58,0,2.3,18.0,0,0,1.72,0,0,0,0,0,0,0,0,0.52,0,0,0,0,0,0,0,0,0,0,0,0,0,0,0,0,70,1.527263587,3.48
0,9.57,60.33,7.58,0,2.3,18.0,0,0,1.72,0,0,0,0,0,0,0,0,0.52,0,0,0,0,0,0,0,0,0,0,0,0,0,0,0,0,90,4.388446923,0.35
0,9.57,60.33,7.58,0,2.3,18.0,0,0,1.72,0,0,0,0,0,0,0,0,0.52,0,0,0,0,0,0,0,0,0,0,0,0,0,0,0,0,90,3.588446923,1.22
0,9.57,60.33,7.58,0,2.3,18.0,0,0,1.72,0,0,0,0,0,0,0,0,0.52,0,0,0,0,0,0,0,0,0,0,0,0,0,0,0,0,90,2.048446923,3.69
2.79,8.5,58.94,6.9,0,2.05,15.97,0,0,1.52,0,0,0,0.79,0,0.65,0,0,0.47,0.26,0,0,0,0,0,0,0.16,0,0,0.12,0,0.25,0,0,0,23,5.054681749,0.00213
2.79,8.5,58.94,6.9,0,2.05,15.97,0,0,1.52,0,0,0,0.79,0,0.65,0,0,0.47,0.26,0,0,0,0,0,0,0.16,0,0,0.12,0,0.25,0,0,0,23,4.054681749,0.0041
2.79,8.5,58.94,6.9,0,2.05,15.97,0,0,1.52,0,0,0,0.79,0,0.65,0,0,0.47,0.26,0,0,0,0,0,0,0.16,0,0,0.12,0,0.25,0,0,0,23,3.044681749,0.0118
2.79,8.5,58.94,6.9,0,2.05,15.97,0,0,1.52,0,0,0,0.79,0,0.65,0,0,0.47,0.26,0,0,0,0,0,0,0.16,0,0,0.12,0,0.25,0,0,0,23,2.024681749,0.0395
2.79,8.5,58.94,6.9,0,2.05,15.97,0,0,1.52,0,0,0,0.79,0,0.65,0,0,0.47,0.26,0,0,0,0,0,0,0.16,0,0,0.12,0,0.25,0,0,0,40,4.804956091,0.0212
2.79,8.5,58.94,6.9,0,2.05,15.97,0,0,1.52,0,0,0,0.79,0,0.65,0,0,0.47,0.26,0,0,0,0,0,0,0.16,0,0,0.12,0,0.25,0,0,0,40,3.924956091,0.0186
2.79,8.5,58.94,6.9,0,2.05,15.97,0,0,1.52,0,0,0,0.79,0,0.65,0,0,0.47,0.26,0,0,0,0,0,0,0.16,0,0,0.12,0,0.25,0,0,0,40,2.584956091,0.183
2.79,8.5,58.94,6.9,0,2.05,15.97,0,0,1.52,0,0,0,0.79,0,0.65,0,0,0.47,0.26,0,0,0,0,0,0,0.16,0,0,0.12,0,0.25,0,0,0,40,1.734956091,0.651
2.79,8.5,58.94,6.9,0,2.05,15.97,0,0,1.52,0,0,0,0.79,0,0.65,0,0,0.47,0.26,0,0,0,0,0,0,0.16,0,0,0.12,0,0.25,0,0,0,70,4.527263587,0.146
2.79,8.5,58.94,6.9,0,2.05,15.97,0,0,1.52,0,0,0,0.79,0,0.65,0,0,0.47,0.26,0,0,0,0,0,0,0.16,0,0,0.12,0,0.25,0,0,0,70,3.727263587,0.177
2.79,8.5,58.94,6.9,0,2.05,15.97,0,0,1.52,0,0,0,0.79,0,0.65,0,0,0.47,0.26,0,0,0,0,0,0,0.16,0,0,0.12,0,0.25,0,0,0,70,2.177263587,0.751
2.79,8.5,58.94,6.9,0,2.05,15.97,0,0,1.52,0,0,0,0.79,0,0.65,0,0,0.47,0.26,0,0,0,0,0,0,0.16,0,0,0.12,0,0.25,0,0,0,70,1.527263587,2.45
2.79,8.5,58.94,6.9,0,2.05,15.97,0,0,1.52,0,0,0,0.79,0,0.65,0,0,0.47,0.26,0,0,0,0,0,0,0.16,0,0,0.12,0,0.25,0,0,0,90,4.388446923,0.367
2.79,8.5,58.94,6.9,0,2.05,15.97,0,0,1.52,0,0,0,0.79,0,0.65,0,0,0.47,0.26,0,0,0,0,0,0,0.16,0,0,0.12,0,0.25,0,0,0,90,3.588446923,0.952
2.79,8.5,58.94,6.9,0,2.05,15.97,0,0,1.52,0,0,0,0.79,0,0.65,0,0,0.47,0.26,0,0,0,0,0,0,0.16,0,0,0.12,0,0.25,0,0,0,90,2.048446923,2.33
6.06,5.57,59.08,4.54,0,3.7,17.95,0,0,1.79,0,0,0,0,0,0,0,0,0.19,0.21,0,0,0,0,0,0,0,0,0,0,0,0,0.51,0,0,22.7,5.055323644,0.00162181
6.06,5.57,59.08,4.54,0,3.7,17.95,0,0,1.79,0,0,0,0,0,0,0,0,0.19,0.21,0,0,0,0,0,0,0,0,0,0,0,0,0.51,0,0,22.7,4.055323644,0.00218776
6.06,5.57,59.08,4.54,0,3.7,17.95,0,0,1.79,0,0,0,0,0,0,0,0,0.19,0.21,0,0,0,0,0,0,0,0,0,0,0,0,0.51,0,0,22.7,3.055323644,0.01412538
6.06,5.57,59.08,4.54,0,3.7,17.95,0,0,1.79,0,0,0,0,0,0,0,0,0.19,0.21,0,0,0,0,0,0,0,0,0,0,0,0,0.51,0,0,22.7,2.055323644,0.06309573
6.06,5.57,59.08,4.54,0,3.7,17.95,0,0,1.79,0,0,0,0,0,0,0,0,0.19,0.21,0,0,0,0,0,0,0,0,0,0,0,0,0.51,0,0,40.9,4.746513294,0.00575439
6.06,5.57,59.08,4.54,0,3.7,17.95,0,0,1.79,0,0,0,0,0,0,0,0,0.19,0.21,0,0,0,0,0,0,0,0,0,0,0,0,0.51,0,0,40.9,3.846513294,0.0162181
6.06,5.57,59.08,4.54,0,3.7,17.95,0,0,1.79,0,0,0,0,0,0,0,0,0.19,0.21,0,0,0,0,0,0,0,0,0,0,0,0,0.51,0,0,40.2,2.56862135,0.09772372
6.06,5.57,59.08,4.54,0,3.7,17.95,0,0,1.79,0,0,0,0,0,0,0,0,0.19,0.21,0,0,0,0,0,0,0,0,0,0,0,0,0.51,0,0,39.9,1.778126497,0.34673685
6.06,5.57,59.08,4.54,0,3.7,17.95,0,0,1.79,0,0,0,0,0,0,0,0,0.19,0.21,0,0,0,0,0,0,0,0,0,0,0,0,0.51,0,0,71.0,4.480945809,0.10715193
6.06,5.57,59.08,4.54,0,3.7,17.95,0,0,1.79,0,0,0,0,0,0,0,0,0.19,0.21,0,0,0,0,0,0,0,0,0,0,0,0,0.51,0,0,71.0,3.680945809,0.18620871
6.06,5.57,59.08,4.54,0,3.7,17.95,0,0,1.79,0,0,0,0,0,0,0,0,0.19,0.21,0,0,0,0,0,0,0,0,0,0,0,0,0.51,0,0,70.1,2.204624909,0.85113804
6.06,5.57,59.08,4.54,0,3.7,17.95,0,0,1.79,0,0,0,0,0,0,0,0,0.19,0.21,0,0,0,0,0,0,0,0,0,0,0,0,0.51,0,0,70.1,1.504624909,1.73780083
6.06,5.57,59.08,4.54,0,3.7,17.95,0,0,1.79,0,0,0,0,0,0,0,0,0.19,0.21,0,0,0,0,0,0,0,0,0,0,0,0,0.51,0,0,90.6,4.394329897,0.30902954
6.06,5.57,59.08,4.54,0,3.7,17.95,0,0,1.79,0,0,0,0,0,0,0,0,0.19,0.21,0,0,0,0,0,0,0,0,0,0,0,0,0.51,0,0,90.6,3.594329897,0.66069345
6.06,5.57,59.08,4.54,0,3.7,17.95,0,0,1.79,0,0,0,0,0,0,0,0,0.19,0.21,0,0,0,0,0,0,0,0,0,0,0,0,0.51,0,0,90.5,1.9966795,3.4673685
2.74,5.88,55.92,12.55,0.76,3.61,13.48,0,0.18,2.01,0,0,0,0.26,0,0.76,0,0,0.5,0,0,0,0,0.27,0,0,0,0,0,0,0,0,0.19,0,0,23.0,6.044681749,0.00112202
2.74,5.88,55.92,12.55,0.76,3.61,13.48,0,0.18,2.01,0,0,0,0.26,0,0.76,0,0,0.5,0,0,0,0,0.27,0,0,0,0,0,0,0,0,0.19,0,0,23.0,5.044681749,0.00147911
2.74,5.88,55.92,12.55,0.76,3.61,13.48,0,0.18,2.01,0,0,0,0.26,0,0.76,0,0,0.5,0,0,0,0,0.27,0,0,0,0,0,0,0,0,0.19,0,0,23.0,4.044681749,0.00707946
2.74,5.88,55.92,12.55,0.76,3.61,13.48,0,0.18,2.01,0,0,0,0.26,0,0.76,0,0,0.5,0,0,0,0,0.27,0,0,0,0,0,0,0,0,0.19,0,0,23.0,3.044681749,0.01023293
2.74,5.88,55.92,12.55,0.76,3.61,13.48,0,0.18,2.01,0,0,0,0.26,0,0.76,0,0,0.5,0,0,0,0,0.27,0,0,0,0,0,0,0,0,0.19,0,0,23.0,2.044681749,0.02884032
2.74,5.88,55.92,12.55,0.76,3.61,13.48,0,0.18,2.01,0,0,0,0.26,0,0.76,0,0,0.5,0,0,0,0,0.27,0,0,0,0,0,0,0,0,0.19,0,0,40.0,5.574956091,0.00794328
2.74,5.88,55.92,12.55,0.76,3.61,13.48,0,0.18,2.01,0,0,0,0.26,0,0.76,0,0,0.5,0,0,0,0,0.27,0,0,0,0,0,0,0,0,0.19,0,0,40.0,4.774956091,0.01122018
2.74,5.88,55.92,12.55,0.76,3.61,13.48,0,0.18,2.01,0,0,0,0.26,0,0.76,0,0,0.5,0,0,0,0,0.27,0,0,0,0,0,0,0,0,0.19,0,0,40.0,3.874956091,0.03467368
2.74,5.88,55.92,12.55,0.76,3.61,13.48,0,0.18,2.01,0,0,0,0.26,0,0.76,0,0,0.5,0,0,0,0,0.27,0,0,0,0,0,0,0,0,0.19,0,0,40.0,2.574956091,0.04786301
2.74,5.88,55.92,12.55,0.76,3.61,13.48,0,0.18,2.01,0,0,0,0.26,0,0.76,0,0,0.5,0,0,0,0,0.27,0,0,0,0,0,0,0,0,0.19,0,0,40.0,1.774956091,0.12302688
2.74,5.88,55.92,12.55,0.76,3.61,13.48,0,0.18,2.01,0,0,0,0.26,0,0.76,0,0,0.5,0,0,0,0,0.27,0,0,0,0,0,0,0,0,0.19,0,0,70.0,4.507263587,0.01862087
2.74,5.88,55.92,12.55,0.76,3.61,13.48,0,0.18,2.01,0,0,0,0.26,0,0.76,0,0,0.5,0,0,0,0,0.27,0,0,0,0,0,0,0,0,0.19,0,0,70.0,3.707263587,0.09549926
2.74,5.88,55.92,12.55,0.76,3.61,13.48,0,0.18,2.01,0,0,0,0.26,0,0.76,0,0,0.5,0,0,0,0,0.27,0,0,0,0,0,0,0,0,0.19,0,0,70.0,2.207263587,0.18197009
2.74,5.88,55.92,12.55,0.76,3.61,13.48,0,0.18,2.01,0,0,0,0.26,0,0.76,0,0,0.5,0,0,0,0,0.27,0,0,0,0,0,0,0,0,0.19,0,0,70.0,1.507263587,0.45708819
2.74,5.88,55.92,12.55,0.76,3.61,13.48,0,0.18,2.01,0,0,0,0.26,0,0.76,0,0,0.5,0,0,0,0,0.27,0,0,0,0,0,0,0,0,0.19,0,0,90.0,4.408446923,0.31622777
2.74,5.88,55.92,12.55,0.76,3.61,13.48,0,0.18,2.01,0,0,0,0.26,0,0.76,0,0,0.5,0,0,0,0,0.27,0,0,0,0,0,0,0,0,0.19,0,0,90.0,3.608446923,0.87096359
2.74,5.88,55.92,12.55,0.76,3.61,13.48,0,0.18,2.01,0,0,0,0.26,0,0.76,0,0,0.5,0,0,0,0,0.27,0,0,0,0,0,0,0,0,0.19,0,0,90.0,2.008446923,1.09647819
2.74,5.88,55.92,12.55,0.76,3.61,13.48,0,0.18,2.01,0,0,0,0.26,0,0.76,0,0,0.5,0,0,0,0,0.27,0,0,0,0,0,0,0,0,0.19,0,0,90.0,1.408446923,2.7542287
0.0,7.11,0,27.35,1.85,6.65,45.0,0,0.09,1.33,0.0,0,0.06,0.47,0,3.04,0,0,2.99,0.0,0,0,0,0.49,0,0,0,0,0,0,0,0,0.15,0,0,23.0,5.744681749,0.000794
0.0,7.11,0,27.35,1.85,6.65,45.0,0,0.09,1.33,0.0,0,0.06,0.47,0,3.04,0,0,2.99,0.0,0,0,0,0.49,0,0,0,0,0,0,0,0,0.15,0,0,23.0,5.044681749,0.001622
0.0,7.11,0,27.35,1.85,6.65,45.0,0,0.09,1.33,0.0,0,0.06,0.47,0,3.04,0,0,2.99,0.0,0,0,0,0.49,0,0,0,0,0,0,0,0,0.15,0,0,23.0,4.044681749,0.004571
0.0,7.11,0,27.35,1.85,6.65,45.0,0,0.09,1.33,0.0,0,0.06,0.47,0,3.04,0,0,2.99,0.0,0,0,0,0.49,0,0,0,0,0,0,0,0,0.15,0,0,23.0,3.044681749,0.00537
0.0,7.11,0,27.35,1.85,6.65,45.0,0,0.09,1.33,0.0,0,0.06,0.47,0,3.04,0,0,2.99,0.0,0,0,0,0.49,0,0,0,0,0,0,0,0,0.15,0,0,23.0,2.044681749,0.029512
0.0,7.11,0,27.35,1.85,6.65,45.0,0,0.09,1.33,0.0,0,0.06,0.47,0,3.04,0,0,2.99,0.0,0,0,0,0.49,0,0,0,0,0,0,0,0,0.15,0,0,40.0,5.474956091,0.006026
0.0,7.11,0,27.35,1.85,6.65,45.0,0,0.09,1.33,0.0,0,0.06,0.47,0,3.04,0,0,2.99,0.0,0,0,0,0.49,0,0,0,0,0,0,0,0,0.15,0,0,40.0,4.774956091,0.013183
0.0,7.11,0,27.35,1.85,6.65,45.0,0,0.09,1.33,0.0,0,0.06,0.47,0,3.04,0,0,2.99,0.0,0,0,0,0.49,0,0,0,0,0,0,0,0,0.15,0,0,40.0,3.874956091,0.028184
0.0,7.11,0,27.35,1.85,6.65,45.0,0,0.09,1.33,0.0,0,0.06,0.47,0,3.04,0,0,2.99,0.0,0,0,0,0.49,0,0,0,0,0,0,0,0,0.15,0,0,40.0,2.974956091,0.069183
0.0,7.11,0,27.35,1.85,6.65,45.0,0,0.09,1.33,0.0,0,0.06,0.47,0,3.04,0,0,2.99,0.0,0,0,0,0.49,0,0,0,0,0,0,0,0,0.15,0,0,40.0,1.874956091,0.204174
0.0,7.11,0,27.35,1.85,6.65,45.0,0,0.09,1.33,0.0,0,0.06,0.47,0,3.04,0,0,2.99,0.0,0,0,0,0.49,0,0,0,0,0,0,0,0,0.15,0,0,70.0,5.207263587,0.026915
0.0,7.11,0,27.35,1.85,6.65,45.0,0,0.09,1.33,0.0,0,0.06,0.47,0,3.04,0,0,2.99,0.0,0,0,0,0.49,0,0,0,0,0,0,0,0,0.15,0,0,70.0,4.407263587,0.054954
0.0,7.11,0,27.35,1.85,6.65,45.0,0,0.09,1.33,0.0,0,0.06,0.47,0,3.04,0,0,2.99,0.0,0,0,0,0.49,0,0,0,0,0,0,0,0,0.15,0,0,70.0,3.507263587,0.114815
0.0,7.11,0,27.35,1.85,6.65,45.0,0,0.09,1.33,0.0,0,0.06,0.47,0,3.04,0,0,2.99,0.0,0,0,0,0.49,0,0,0,0,0,0,0,0,0.15,0,0,70.0,2.707263587,0.416869
0.0,7.11,0,27.35,1.85,6.65,45.0,0,0.09,1.33,0.0,0,0.06,0.47,0,3.04,0,0,2.99,0.0,0,0,0,0.49,0,0,0,0,0,0,0,0,0.15,0,0,70.0,1.607263587,0.40738
0.0,7.11,0,27.35,1.85,6.65,45.0,0,0.09,1.33,0.0,0,0.06,0.47,0,3.04,0,0,2.99,0.0,0,0,0,0.49,0,0,0,0,0,0,0,0,0.15,0,0,90.0,4.308446923,0.208929
0.0,7.11,0,27.35,1.85,6.65,45.0,0,0.09,1.33,0.0,0,0.06,0.47,0,3.04,0,0,2.99,0.0,0,0,0,0.49,0,0,0,0,0,0,0,0,0.15,0,0,90.0,3.408446923,0.30903
0.0,7.11,0,27.35,1.85,6.65,45.0,0,0.09,1.33,0.0,0,0.06,0.47,0,3.04,0,0,2.99,0.0,0,0,0,0.49,0,0,0,0,0,0,0,0,0.15,0,0,90.0,2.508446923,0.912011
0.0,7.11,0,27.35,1.85,6.65,45.0,0,0.09,1.33,0.0,0,0.06,0.47,0,3.04,0,0,2.99,0.0,0,0,0,0.49,0,0,0,0,0,0,0,0,0.15,0,0,90.0,1.608446923,0.346737
0.0,9.78,0,26.37,1.69,6.68,43.87,0,0.36,2.37,0.29,0,0.0,0.14,0,2.51,0,0,3.33,0.0,0,0,0,1.05,0,0,0,0,0,0,0,0,0.07,0,0,23.0,6.044681749,0.000417
0.0,9.78,0,26.37,1.69,6.68,43.87,0,0.36,2.37,0.29,0,0.0,0.14,0,2.51,0,0,3.33,0.0,0,0,0,1.05,0,0,0,0,0,0,0,0,0.07,0,0,23.0,5.044681749,0.001288
0.0,9.78,0,26.37,1.69,6.68,43.87,0,0.36,2.37,0.29,0,0.0,0.14,0,2.51,0,0,3.33,0.0,0,0,0,1.05,0,0,0,0,0,0,0,0,0.07,0,0,23.0,4.044681749,0.006607
0.0,9.78,0,26.37,1.69,6.68,43.87,0,0.36,2.37,0.29,0,0.0,0.14,0,2.51,0,0,3.33,0.0,0,0,0,1.05,0,0,0,0,0,0,0,0,0.07,0,0,23.0,3.044681749,0.0195
0.0,9.78,0,26.37,1.69,6.68,43.87,0,0.36,2.37,0.29,0,0.0,0.14,0,2.51,0,0,3.33,0.0,0,0,0,1.05,0,0,0,0,0,0,0,0,0.07,0,0,23.0,2.044681749,0.045709
0.0,9.78,0,26.37,1.69,6.68,43.87,0,0.36,2.37,0.29,0,0.0,0.14,0,2.51,0,0,3.33,0.0,0,0,0,1.05,0,0,0,0,0,0,0,0,0.07,0,0,40.0,4.874956091,0.007762
0.0,9.78,0,26.37,1.69,6.68,43.87,0,0.36,2.37,0.29,0,0.0,0.14,0,2.51,0,0,3.33,0.0,0,0,0,1.05,0,0,0,0,0,0,0,0,0.07,0,0,40.0,3.874956091,0.026303
0.0,9.78,0,26.37,1.69,6.68,43.87,0,0.36,2.37,0.29,0,0.0,0.14,0,2.51,0,0,3.33,0.0,0,0,0,1.05,0,0,0,0,0,0,0,0,0.07,0,0,40.0,2.774956091,0.075858
0.0,9.78,0,26.37,1.69,6.68,43.87,0,0.36,2.37,0.29,0,0.0,0.14,0,2.51,0,0,3.33,0.0,0,0,0,1.05,0,0,0,0,0,0,0,0,0.07,0,0,40.0,1.874956091,0.158489
0.0,9.78,0,26.37,1.69,6.68,43.87,0,0.36,2.37,0.29,0,0.0,0.14,0,2.51,0,0,3.33,0.0,0,0,0,1.05,0,0,0,0,0,0,0,0,0.07,0,0,70.0,4.607263587,0.044668
0.0,9.78,0,26.37,1.69,6.68,43.87,0,0.36,2.37,0.29,0,0.0,0.14,0,2.51,0,0,3.33,0.0,0,0,0,1.05,0,0,0,0,0,0,0,0,0.07,0,0,70.0,3.607263587,0.123027
0.0,9.78,0,26.37,1.69,6.68,43.87,0,0.36,2.37,0.29,0,0.0,0.14,0,2.51,0,0,3.33,0.0,0,0,0,1.05,0,0,0,0,0,0,0,0,0.07,0,0,70.0,2.607263587,0.371535
0.0,9.78,0,26.37,1.69,6.68,43.87,0,0.36,2.37,0.29,0,0.0,0.14,0,2.51,0,0,3.33,0.0,0,0,0,1.05,0,0,0,0,0,0,0,0,0.07,0,0,70.0,1.707263587,0.954993
0.0,9.78,0,26.37,1.69,6.68,43.87,0,0.36,2.37,0.29,0,0.0,0.14,0,2.51,0,0,3.33,0.0,0,0,0,1.05,0,0,0,0,0,0,0,0,0.07,0,0,90.0,4.508446923,0.151356
0.0,9.78,0,26.37,1.69,6.68,43.87,0,0.36,2.37,0.29,0,0.0,0.14,0,2.51,0,0,3.33,0.0,0,0,0,1.05,0,0,0,0,0,0,0,0,0.07,0,0,90.0,3.508446923,0.234423
0.0,9.78,0,26.37,1.69,6.68,43.87,0,0.36,2.37,0.29,0,0.0,0.14,0,2.51,0,0,3.33,0.0,0,0,0,1.05,0,0,0,0,0,0,0,0,0.07,0,0,90.0,2.508446923,0.954993
0.0,9.78,0,26.37,1.69,6.68,43.87,0,0.36,2.37,0.29,0,0.0,0.14,0,2.51,0,0,3.33,0.0,0,0,0,1.05,0,0,0,0,0,0,0,0,0.07,0,0,90.0,1.808446923,0.851138
0,8.0,56.31,13.74,0.51,4.06,12.37,0,0.19,2.9,0,0,0,0.26,0,0.75,0,0,0.49,0,0,0,0,0,0,0,0,0,0,0,0,0,0,0,0,22.7,3.055323644,0.1148
0,8.0,56.31,13.74,0.51,4.06,12.37,0,0.19,2.9,0,0,0,0.26,0,0.75,0,0,0.49,0,0,0,0,0,0,0,0,0,0,0,0,0,0,0,0,22.7,2.055323644,0.3631
0,8.0,56.31,13.74,0.51,4.06,12.37,0,0.19,2.9,0,0,0,0.26,0,0.75,0,0,0.49,0,0,0,0,0,0,0,0,0,0,0,0,0,0,0,0,40.9,4.746513294,0.0575
0,8.0,56.31,13.74,0.51,4.06,12.37,0,0.19,2.9,0,0,0,0.26,0,0.75,0,0,0.49,0,0,0,0,0,0,0,0,0,0,0,0,0,0,0,0,40.9,3.846513294,0.1622
0,8.0,56.31,13.74,0.51,4.06,12.37,0,0.19,2.9,0,0,0,0.26,0,0.75,0,0,0.49,0,0,0,0,0,0,0,0,0,0,0,0,0,0,0,0,40.2,2.56862135,0.3311
0,8.0,56.31,13.74,0.51,4.06,12.37,0,0.19,2.9,0,0,0,0.26,0,0.75,0,0,0.49,0,0,0,0,0,0,0,0,0,0,0,0,0,0,0,0,39.9,1.778126497,0.5129
0,8.0,56.31,13.74,0.51,4.06,12.37,0,0.19,2.9,0,0,0,0.26,0,0.75,0,0,0.49,0,0,0,0,0,0,0,0,0,0,0,0,0,0,0,0,71.0,4.480945809,0.8511
0,8.0,56.31,13.74,0.51,4.06,12.37,0,0.19,2.9,0,0,0,0.26,0,0.75,0,0,0.49,0,0,0,0,0,0,0,0,0,0,0,0,0,0,0,0,71.0,3.680945809,1.5488
0,8.0,56.31,13.74,0.51,4.06,12.37,0,0.19,2.9,0,0,0,0.26,0,0.75,0,0,0.49,0,0,0,0,0,0,0,0,0,0,0,0,0,0,0,0,70.1,2.204624909,2.9512
0,8.0,56.31,13.74,0.51,4.06,12.37,0,0.19,2.9,0,0,0,0.26,0,0.75,0,0,0.49,0,0,0,0,0,0,0,0,0,0,0,0,0,0,0,0,70.1,1.504624909,3.8905
0,8.0,56.31,13.74,0.51,4.06,12.37,0,0.19,2.9,0,0,0,0.26,0,0.75,0,0,0.49,0,0,0,0,0,0,0,0,0,0,0,0,0,0,0,0,90.6,4.394329897,1.6218
0,8.0,56.31,13.74,0.51,4.06,12.37,0,0.19,2.9,0,0,0,0.26,0,0.75,0,0,0.49,0,0,0,0,0,0,0,0,0,0,0,0,0,0,0,0,90.6,3.594329897,2.7542
0,5.36,57.32,13.54,1.04,2.55,15.55,0,0.23,0.75,0.52,0,0,1.84,0,0.76,0,0,0.51,0,0,0,0,0,0,0,0,0,0,0,0,0,0.01,0,0,23.0,5.044681749,0.00575
0,5.36,57.32,13.54,1.04,2.55,15.55,0,0.23,0.75,0.52,0,0,1.84,0,0.76,0,0,0.51,0,0,0,0,0,0,0,0,0,0,0,0,0,0.01,0,0,23.0,4.044681749,0.01072
0,5.36,57.32,13.54,1.04,2.55,15.55,0,0.23,0.75,0.52,0,0,1.84,0,0.76,0,0,0.51,0,0,0,0,0,0,0,0,0,0,0,0,0,0.01,0,0,23.0,3.044681749,0.04467
0,5.36,57.32,13.54,1.04,2.55,15.55,0,0.23,0.75,0.52,0,0,1.84,0,0.76,0,0,0.51,0,0,0,0,0,0,0,0,0,0,0,0,0,0.01,0,0,40.0,4.774956091,0.00871
0,5.36,57.32,13.54,1.04,2.55,15.55,0,0.23,0.75,0.52,0,0,1.84,0,0.76,0,0,0.51,0,0,0,0,0,0,0,0,0,0,0,0,0,0.01,0,0,40.0,3.874956091,0.01479
0,5.36,57.32,13.54,1.04,2.55,15.55,0,0.23,0.75,0.52,0,0,1.84,0,0.76,0,0,0.51,0,0,0,0,0,0,0,0,0,0,0,0,0,0.01,0,0,40.0,2.574956091,0.07079
0,5.36,57.32,13.54,1.04,2.55,15.55,0,0.23,0.75,0.52,0,0,1.84,0,0.76,0,0,0.51,0,0,0,0,0,0,0,0,0,0,0,0,0,0.01,0,0,40.0,1.774956091,0.18621
0,5.36,57.32,13.54,1.04,2.55,15.55,0,0.23,0.75,0.52,0,0,1.84,0,0.76,0,0,0.51,0,0,0,0,0,0,0,0,0,0,0,0,0,0.01,0,0,70.0,5.307263587,0.04365
0,5.36,57.32,13.54,1.04,2.55,15.55,0,0.23,0.75,0.52,0,0,1.84,0,0.76,0,0,0.51,0,0,0,0,0,0,0,0,0,0,0,0,0,0.01,0,0,70.0,4.507263587,0.1122
0,5.36,57.32,13.54,1.04,2.55,15.55,0,0.23,0.75,0.52,0,0,1.84,0,0.76,0,0,0.51,0,0,0,0,0,0,0,0,0,0,0,0,0,0.01,0,0,70.0,3.707263587,0.25704
0,5.36,57.32,13.54,1.04,2.55,15.55,0,0.23,0.75,0.52,0,0,1.84,0,0.76,0,0,0.51,0,0,0,0,0,0,0,0,0,0,0,0,0,0.01,0,0,70.0,2.207263587,1.1749
0,5.36,57.32,13.54,1.04,2.55,15.55,0,0.23,0.75,0.52,0,0,1.84,0,0.76,0,0,0.51,0,0,0,0,0,0,0,0,0,0,0,0,0,0.01,0,0,70.0,1.507263587,3.63078
0,5.36,57.32,13.54,1.04,2.55,15.55,0,0.23,0.75,0.52,0,0,1.84,0,0.76,0,0,0.51,0,0,0,0,0,0,0,0,0,0,0,0,0,0.01,0,0,90.0,5.208446923,0.1
0,5.36,57.32,13.54,1.04,2.55,15.55,0,0.23,0.75,0.52,0,0,1.84,0,0.76,0,0,0.51,0,0,0,0,0,0,0,0,0,0,0,0,0,0.01,0,0,90.0,4.408446923,0.16596
0,5.36,57.32,13.54,1.04,2.55,15.55,0,0.23,0.75,0.52,0,0,1.84,0,0.76,0,0,0.51,0,0,0,0,0,0,0,0,0,0,0,0,0,0.01,0,0,90.0,3.608446923,0.38019
0,5.36,57.32,13.54,1.04,2.55,15.55,0,0.23,0.75,0.52,0,0,1.84,0,0.76,0,0,0.51,0,0,0,0,0,0,0,0,0,0,0,0,0,0.01,0,0,90.0,2.008446923,1.31826
0,5.61,57.19,13.63,0.52,4.14,14.72,0,0.98,0,0.66,0,0,0.66,0,0.68,0,0,0.9,0,0,0,0,0,0,0,0,0,0,0,0,0,0.28,0,0,23.0,6.944681749,0.001148
0,5.61,57.19,13.63,0.52,4.14,14.72,0,0.98,0,0.66,0,0,0.66,0,0.68,0,0,0.9,0,0,0,0,0,0,0,0,0,0,0,0,0,0.28,0,0,23.0,5.044681749,0.001318
0,5.61,57.19,13.63,0.52,4.14,14.72,0,0.98,0,0.66,0,0,0.66,0,0.68,0,0,0.9,0,0,0,0,0,0,0,0,0,0,0,0,0,0.28,0,0,23.0,4.344681749,0.003236
0,5.61,57.19,13.63,0.52,4.14,14.72,0,0.98,0,0.66,0,0,0.66,0,0.68,0,0,0.9,0,0,0,0,0,0,0,0,0,0,0,0,0,0.28,0,0,23.0,2.944681749,0.022909
0,5.61,57.19,13.63,0.52,4.14,14.72,0,0.98,0,0.66,0,0,0.66,0,0.68,0,0,0.9,0,0,0,0,0,0,0,0,0,0,0,0,0,0.28,0,0,40.0,6.874956091,0.004074
0,5.61,57.19,13.63,0.52,4.14,14.72,0,0.98,0,0.66,0,0,0.66,0,0.68,0,0,0.9,0,0,0,0,0,0,0,0,0,0,0,0,0,0.28,0,0,40.0,5.974956091,0.007079
0,5.61,57.19,13.63,0.52,4.14,14.72,0,0.98,0,0.66,0,0,0.66,0,0.68,0,0,0.9,0,0,0,0,0,0,0,0,0,0,0,0,0,0.28,0,0,40.0,5.074956091,0.014791
0,5.61,57.19,13.63,0.52,4.14,14.72,0,0.98,0,0.66,0,0,0.66,0,0.68,0,0,0.9,0,0,0,0,0,0,0,0,0,0,0,0,0,0.28,0,0,40.0,4.074956091,0.021878
0,5.61,57.19,13.63,0.52,4.14,14.72,0,0.98,0,0.66,0,0,0.66,0,0.68,0,0,0.9,0,0,0,0,0,0,0,0,0,0,0,0,0,0.28,0,0,40.0,2.574956091,0.107152
0,5.61,57.19,13.63,0.52,4.14,14.72,0,0.98,0,0.66,0,0,0.66,0,0.68,0,0,0.9,0,0,0,0,0,0,0,0,0,0,0,0,0,0.28,0,0,70.0,5.707263587,0.064565
0,5.61,57.19,13.63,0.52,4.14,14.72,0,0.98,0,0.66,0,0,0.66,0,0.68,0,0,0.9,0,0,0,0,0,0,0,0,0,0,0,0,0,0.28,0,0,70.0,4.807263587,0.104713
0,5.61,57.19,13.63,0.52,4.14,14.72,0,0.98,0,0.66,0,0,0.66,0,0.68,0,0,0.9,0,0,0,0,0,0,0,0,0,0,0,0,0,0.28,0,0,70.0,3.707263587,0.169824
0,5.61,57.19,13.63,0.52,4.14,14.72,0,0.98,0,0.66,0,0,0.66,0,0.68,0,0,0.9,0,0,0,0,0,0,0,0,0,0,0,0,0,0.28,0,0,70.0,2.107263587,0.776247
0,5.61,57.19,13.63,0.52,4.14,14.72,0,0.98,0,0.66,0,0,0.66,0,0.68,0,0,0.9,0,0,0,0,0,0,0,0,0,0,0,0,0,0.28,0,0,90.0,6.608446923,0.0871
0,5.61,57.19,13.63,0.52,4.14,14.72,0,0.98,0,0.66,0,0,0.66,0,0.68,0,0,0.9,0,0,0,0,0,0,0,0,0,0,0,0,0,0.28,0,0,90.0,5.608446923,0.177828
0,5.61,57.19,13.63,0.52,4.14,14.72,0,0.98,0,0.66,0,0,0.66,0,0.68,0,0,0.9,0,0,0,0,0,0,0,0,0,0,0,0,0,0.28,0,0,90.0,4.708446923,0.281838
0,5.61,57.19,13.63,0.52,4.14,14.72,0,0.98,0,0.66,0,0,0.66,0,0.68,0,0,0.9,0,0,0,0,0,0,0,0,0,0,0,0,0,0.28,0,0,90.0,3.608446923,0.416869
0,5.61,57.19,13.63,0.52,4.14,14.72,0,0.98,0,0.66,0,0,0.66,0,0.68,0,0,0.9,0,0,0,0,0,0,0,0,0,0,0,0,0,0.28,0,0,90.0,2.008446923,1.62181
6.05,6.94,58.33,4.1,1.44,2.36,15.59,0,0.11,2.31,0,0,0,1.29,0,0.76,0,0,0.5,0,0,0,0,0,0,0,0,0,0,0,0,0,0.01,0,0,23.0,5.044681749,0.001995
6.05,6.94,58.33,4.1,1.44,2.36,15.59,0,0.11,2.31,0,0,0,1.29,0,0.76,0,0,0.5,0,0,0,0,0,0,0,0,0,0,0,0,0,0.01,0,0,23.0,4.044681749,0.006607
6.05,6.94,58.33,4.1,1.44,2.36,15.59,0,0.11,2.31,0,0,0,1.29,0,0.76,0,0,0.5,0,0,0,0,0,0,0,0,0,0,0,0,0,0.01,0,0,23.0,3.044681749,0.019953
6.05,6.94,58.33,4.1,1.44,2.36,15.59,0,0.11,2.31,0,0,0,1.29,0,0.76,0,0,0.5,0,0,0,0,0,0,0,0,0,0,0,0,0,0.01,0,0,23.0,2.044681749,0.034674
6.05,6.94,58.33,4.1,1.44,2.36,15.59,0,0.11,2.31,0,0,0,1.29,0,0.76,0,0,0.5,0,0,0,0,0,0,0,0,0,0,0,0,0,0.01,0,0,40.0,5.574956091,0.005129
6.05,6.94,58.33,4.1,1.44,2.36,15.59,0,0.11,2.31,0,0,0,1.29,0,0.76,0,0,0.5,0,0,0,0,0,0,0,0,0,0,0,0,0,0.01,0,0,40.0,4.774956091,0.007079
6.05,6.94,58.33,4.1,1.44,2.36,15.59,0,0.11,2.31,0,0,0,1.29,0,0.76,0,0,0.5,0,0,0,0,0,0,0,0,0,0,0,0,0,0.01,0,0,40.0,3.874956091,0.023442
6.05,6.94,58.33,4.1,1.44,2.36,15.59,0,0.11,2.31,0,0,0,1.29,0,0.76,0,0,0.5,0,0,0,0,0,0,0,0,0,0,0,0,0,0.01,0,0,40.0,2.574956091,0.077625
6.05,6.94,58.33,4.1,1.44,2.36,15.59,0,0.11,2.31,0,0,0,1.29,0,0.76,0,0,0.5,0,0,0,0,0,0,0,0,0,0,0,0,0,0.01,0,0,40.0,1.774956091,0.085114
6.05,6.94,58.33,4.1,1.44,2.36,15.59,0,0.11,2.31,0,0,0,1.29,0,0.76,0,0,0.5,0,0,0,0,0,0,0,0,0,0,0,0,0,0.01,0,0,70.0,5.307263587,0.019055
6.05,6.94,58.33,4.1,1.44,2.36,15.59,0,0.11,2.31,0,0,0,1.29,0,0.76,0,0,0.5,0,0,0,0,0,0,0,0,0,0,0,0,0,0.01,0,0,70.0,4.507263587,0.054954
6.05,6.94,58.33,4.1,1.44,2.36,15.59,0,0.11,2.31,0,0,0,1.29,0,0.76,0,0,0.5,0,0,0,0,0,0,0,0,0,0,0,0,0,0.01,0,0,70.0,3.707263587,0.123027
6.05,6.94,58.33,4.1,1.44,2.36,15.59,0,0.11,2.31,0,0,0,1.29,0,0.76,0,0,0.5,0,0,0,0,0,0,0,0,0,0,0,0,0,0.01,0,0,70.0,2.207263587,0.575439
6.05,6.94,58.33,4.1,1.44,2.36,15.59,0,0.11,2.31,0,0,0,1.29,0,0.76,0,0,0.5,0,0,0,0,0,0,0,0,0,0,0,0,0,0.01,0,0,70.0,1.507263587,0.501187
6.05,6.94,58.33,4.1,1.44,2.36,15.59,0,0.11,2.31,0,0,0,1.29,0,0.76,0,0,0.5,0,0,0,0,0,0,0,0,0,0,0,0,0,0.01,0,0,90.0,4.408446923,0.021878
6.05,6.94,58.33,4.1,1.44,2.36,15.59,0,0.11,2.31,0,0,0,1.29,0,0.76,0,0,0.5,0,0,0,0,0,0,0,0,0,0,0,0,0,0.01,0,0,90.0,3.608446923,0.537032
6.05,6.94,58.33,4.1,1.44,2.36,15.59,0,0.11,2.31,0,0,0,1.29,0,0.76,0,0,0.5,0,0,0,0,0,0,0,0,0,0,0,0,0,0.01,0,0,90.0,2.008446923,0.831764
6.05,6.94,58.33,4.1,1.44,2.36,15.59,0,0.11,2.31,0,0,0,1.29,0,0.76,0,0,0.5,0,0,0,0,0,0,0,0,0,0,0,0,0,0.01,0,0,90.0,1.408446923,1.174898
3.39,5.84,57.54,9.39,0.76,2.41,15.69,0,0.04,1.84,0.29,0,0.01,1.38,0,0.76,0,0,0.5,0,0,0,0,0,0,0,0,0,0,0,0,0,0.06,0,0,23.0,4.044681749,0.00501187
3.39,5.84,57.54,9.39,0.76,2.41,15.69,0,0.04,1.84,0.29,0,0.01,1.38,0,0.76,0,0,0.5,0,0,0,0,0,0,0,0,0,0,0,0,0,0.06,0,0,23.0,3.044681749,0.01737801
3.39,5.84,57.54,9.39,0.76,2.41,15.69,0,0.04,1.84,0.29,0,0.01,1.38,0,0.76,0,0,0.5,0,0,0,0,0,0,0,0,0,0,0,0,0,0.06,0,0,23.0,2.044681749,0.03630781
3.39,5.84,57.54,9.39,0.76,2.41,15.69,0,0.04,1.84,0.29,0,0.01,1.38,0,0.76,0,0,0.5,0,0,0,0,0,0,0,0,0,0,0,0,0,0.06,0,0,40.0,4.774956091,0.02089296
3.39,5.84,57.54,9.39,0.76,2.41,15.69,0,0.04,1.84,0.29,0,0.01,1.38,0,0.76,0,0,0.5,0,0,0,0,0,0,0,0,0,0,0,0,0,0.06,0,0,40.0,3.874956091,0.04073803
3.39,5.84,57.54,9.39,0.76,2.41,15.69,0,0.04,1.84,0.29,0,0.01,1.38,0,0.76,0,0,0.5,0,0,0,0,0,0,0,0,0,0,0,0,0,0.06,0,0,40.0,2.574956091,0.10471285
3.39,5.84,57.54,9.39,0.76,2.41,15.69,0,0.04,1.84,0.29,0,0.01,1.38,0,0.76,0,0,0.5,0,0,0,0,0,0,0,0,0,0,0,0,0,0.06,0,0,40.0,1.774956091,0.15848932
3.39,5.84,57.54,9.39,0.76,2.41,15.69,0,0.04,1.84,0.29,0,0.01,1.38,0,0.76,0,0,0.5,0,0,0,0,0,0,0,0,0,0,0,0,0,0.06,0,0,70.0,5.307263587,0.01513561
3.39,5.84,57.54,9.39,0.76,2.41,15.69,0,0.04,1.84,0.29,0,0.01,1.38,0,0.76,0,0,0.5,0,0,0,0,0,0,0,0,0,0,0,0,0,0.06,0,0,70.0,4.507263587,0.07079458
3.39,5.84,57.54,9.39,0.76,2.41,15.69,0,0.04,1.84,0.29,0,0.01,1.38,0,0.76,0,0,0.5,0,0,0,0,0,0,0,0,0,0,0,0,0,0.06,0,0,70.0,3.707263587,0.16218101
3.39,5.84,57.54,9.39,0.76,2.41,15.69,0,0.04,1.84,0.29,0,0.01,1.38,0,0.76,0,0,0.5,0,0,0,0,0,0,0,0,0,0,0,0,0,0.06,0,0,70.0,2.207263587,0.60255958
3.39,5.84,57.54,9.39,0.76,2.41,15.69,0,0.04,1.84,0.29,0,0.01,1.38,0,0.76,0,0,0.5,0,0,0,0,0,0,0,0,0,0,0,0,0,0.06,0,0,70.0,1.507263587,0.85113804
3.39,5.84,57.54,9.39,0.76,2.41,15.69,0,0.04,1.84,0.29,0,0.01,1.38,0,0.76,0,0,0.5,0,0,0,0,0,0,0,0,0,0,0,0,0,0.06,0,0,90.0,5.208446923,0.08317638
3.39,5.84,57.54,9.39,0.76,2.41,15.69,0,0.04,1.84,0.29,0,0.01,1.38,0,0.76,0,0,0.5,0,0,0,0,0,0,0,0,0,0,0,0,0,0.06,0,0,90.0,4.408446923,0.2454709
3.39,5.84,57.54,9.39,0.76,2.41,15.69,0,0.04,1.84,0.29,0,0.01,1.38,0,0.76,0,0,0.5,0,0,0,0,0,0,0,0,0,0,0,0,0,0.06,0,0,90.0,3.608446923,0.58884365
3.39,5.84,57.54,9.39,0.76,2.41,15.69,0,0.04,1.84,0.29,0,0.01,1.38,0,0.76,0,0,0.5,0,0,0,0,0,0,0,0,0,0,0,0,0,0.06,0,0,90.0,2.008446923,1.28825006
3.39,5.84,57.54,9.39,0.76,2.41,15.69,0,0.04,1.84,0.29,0,0.01,1.38,0,0.76,0,0,0.5,0,0,0,0,0,0,0,0,0,0,0,0,0,0.06,0,0,90.0,1.408446923,2.34422882
0,2.92,58.04,13.12,0,4.78,18.92,0,0.63,1.45,0,0,0,0,0,0,0,0,0,0.02,0,0,0,0,0,0,0,0,0,0,0,0,0.06,0,0,20.0,8.252080846,0.00014125
0,2.92,58.04,13.12,0,4.78,18.92,0,0.63,1.45,0,0,0,0,0,0,0,0,0,0.02,0,0,0,0,0,0,0,0,0,0,0,0,0.06,0,0,20.0,6.052080846,0.0005248
0,2.92,58.04,13.12,0,4.78,18.92,0,0.63,1.45,0,0,0,0,0,0,0,0,0,0.02,0,0,0,0,0,0,0,0,0,0,0,0,0.06,0,0,20.0,5.052080846,0.00169824
0,2.92,58.04,13.12,0,4.78,18.92,0,0.63,1.45,0,0,0,0,0,0,0,0,0,0.02,0,0,0,0,0,0,0,0,0,0,0,0,0.06,0,0,20.0,4.152080846,0.00549541
0,2.92,58.04,13.12,0,4.78,18.92,0,0.63,1.45,0,0,0,0,0,0,0,0,0,0.02,0,0,0,0,0,0,0,0,0,0,0,0,0.06,0,0,20.0,3.052080846,0.01445439
0,2.92,58.04,13.12,0,4.78,18.92,0,0.63,1.45,0,0,0,0,0,0,0,0,0,0.02,0,0,0,0,0,0,0,0,0,0,0,0,0.06,0,0,20.0,2.052080846,0.03799
0,2.92,58.04,13.12,0,4.78,18.92,0,0.63,1.45,0,0,0,0,0,0,0,0,0,0.02,0,0,0,0,0,0,0,0,0,0,0,0,0.06,0,0,40.0,7.574956091,0.00275423
0,2.92,58.04,13.12,0,4.78,18.92,0,0.63,1.45,0,0,0,0,0,0,0,0,0,0.02,0,0,0,0,0,0,0,0,0,0,0,0,0.06,0,0,40.0,5.574956091,0.00575439
0,2.92,58.04,13.12,0,4.78,18.92,0,0.63,1.45,0,0,0,0,0,0,0,0,0,0.02,0,0,0,0,0,0,0,0,0,0,0,0,0.06,0,0,40.0,5.174956091,0.00549541
0,2.92,58.04,13.12,0,4.78,18.92,0,0.63,1.45,0,0,0,0,0,0,0,0,0,0.02,0,0,0,0,0,0,0,0,0,0,0,0,0.06,0,0,40.0,4.574956091,0.01659587
0,2.92,58.04,13.12,0,4.78,18.92,0,0.63,1.45,0,0,0,0,0,0,0,0,0,0.02,0,0,0,0,0,0,0,0,0,0,0,0,0.06,0,0,40.0,3.674956091,0.03235937
0,2.92,58.04,13.12,0,4.78,18.92,0,0.63,1.45,0,0,0,0,0,0,0,0,0,0.02,0,0,0,0,0,0,0,0,0,0,0,0,0.06,0,0,40.0,1.974956091,0.11481536
0,2.92,58.04,13.12,0,4.78,18.92,0,0.63,1.45,0,0,0,0,0,0,0,0,0,0.02,0,0,0,0,0,0,0,0,0,0,0,0,0.06,0,0,70.0,6.707263587,0.0074131
0,2.92,58.04,13.12,0,4.78,18.92,0,0.63,1.45,0,0,0,0,0,0,0,0,0,0.02,0,0,0,0,0,0,0,0,0,0,0,0,0.06,0,0,70.0,4.907263587,0.03799
0,2.92,58.04,13.12,0,4.78,18.92,0,0.63,1.45,0,0,0,0,0,0,0,0,0,0.02,0,0,0,0,0,0,0,0,0,0,0,0,0.06,0,0,70.0,3.907263587,0.15848932
0,2.92,58.04,13.12,0,4.78,18.92,0,0.63,1.45,0,0,0,0,0,0,0,0,0,0.02,0,0,0,0,0,0,0,0,0,0,0,0,0.06,0,0,70.0,3.207263587,0.27542287
0,2.92,58.04,13.12,0,4.78,18.92,0,0.63,1.45,0,0,0,0,0,0,0,0,0,0.02,0,0,0,0,0,0,0,0,0,0,0,0,0.06,0,0,70.0,1.907263587,0.43651584
0,2.92,58.04,13.12,0,4.78,18.92,0,0.63,1.45,0,0,0,0,0,0,0,0,0,0.02,0,0,0,0,0,0,0,0,0,0,0,0,0.06,0,0,90.0,6.208446923,0.03162278
0,2.92,58.04,13.12,0,4.78,18.92,0,0.63,1.45,0,0,0,0,0,0,0,0,0,0.02,0,0,0,0,0,0,0,0,0,0,0,0,0.06,0,0,90.0,4.408446923,0.29512092
0,2.92,58.04,13.12,0,4.78,18.92,0,0.63,1.45,0,0,0,0,0,0,0,0,0,0.02,0,0,0,0,0,0,0,0,0,0,0,0,0.06,0,0,90.0,3.508446923,0.69183097
0,2.92,58.04,13.12,0,4.78,18.92,0,0.63,1.45,0,0,0,0,0,0,0,0,0,0.02,0,0,0,0,0,0,0,0,0,0,0,0,0.06,0,0,90.0,2.808446923,0.616595
0,2.92,58.04,13.12,0,4.78,18.92,0,0.63,1.45,0,0,0,0,0,0,0,0,0,0.02,0,0,0,0,0,0,0,0,0,0,0,0,0.06,0,0,90.0,1.708446923,1.51356125
16.04,26.2,0,13.06,1.65,1.82,38.4,0,0,0,0,0,0,1.16,0,0,0,0,0.97,0.7,0,0,0,0,0,0,0,0,0,0,0,0,0,0,0,23.0,6.044681749,0.005888436
16.04,26.2,0,13.06,1.65,1.82,38.4,0,0,0,0,0,0,1.16,0,0,0,0,0.97,0.7,0,0,0,0,0,0,0,0,0,0,0,0,0,0,0,23.0,4.044681749,0.030199517
16.04,26.2,0,13.06,1.65,1.82,38.4,0,0,0,0,0,0,1.16,0,0,0,0,0.97,0.7,0,0,0,0,0,0,0,0,0,0,0,0,0,0,0,23.0,2.044681749,0.48977885
16.04,26.2,0,13.06,1.65,1.82,38.4,0,0,0,0,0,0,1.16,0,0,0,0,0.97,0.7,0,0,0,0,0,0,0,0,0,0,0,0,0,0,0,40.0,5.574956091,0.050118723
16.04,26.2,0,13.06,1.65,1.82,38.4,0,0,0,0,0,0,1.16,0,0,0,0,0.97,0.7,0,0,0,0,0,0,0,0,0,0,0,0,0,0,0,40.0,3.674956091,0.107151931
16.04,26.2,0,13.06,1.65,1.82,38.4,0,0,0,0,0,0,1.16,0,0,0,0,0.97,0.7,0,0,0,0,0,0,0,0,0,0,0,0,0,0,0,40.0,1.974956091,2.137962089
16.04,26.2,0,13.06,1.65,1.82,38.4,0,0,0,0,0,0,1.16,0,0,0,0,0.97,0.7,0,0,0,0,0,0,0,0,0,0,0,0,0,0,0,70.0,5.007263587,0.398107171
16.04,26.2,0,13.06,1.65,1.82,38.4,0,0,0,0,0,0,1.16,0,0,0,0,0.97,0.7,0,0,0,0,0,0,0,0,0,0,0,0,0,0,0,70.0,3.307263587,2.570395783
14.96,26.26,0,12.87,2.1,2.38,38.03,0,0,0,0,0,0,1.34,0,0,0,0,1.17,0.89,0,0,0,0,0,0,0,0,0,0,0,0,0,0,0,23.0,6.044681749,0.005011872
14.96,26.26,0,12.87,2.1,2.38,38.03,0,0,0,0,0,0,1.34,0,0,0,0,1.17,0.89,0,0,0,0,0,0,0,0,0,0,0,0,0,0,0,23.0,4.044681749,0.023988329
14.96,26.26,0,12.87,2.1,2.38,38.03,0,0,0,0,0,0,1.34,0,0,0,0,1.17,0.89,0,0,0,0,0,0,0,0,0,0,0,0,0,0,0,23.0,2.044681749,0.53703179
14.96,26.26,0,12.87,2.1,2.38,38.03,0,0,0,0,0,0,1.34,0,0,0,0,1.17,0.89,0,0,0,0,0,0,0,0,0,0,0,0,0,0,0,40.0,5.574956091,0.021877616
14.96,26.26,0,12.87,2.1,2.38,38.03,0,0,0,0,0,0,1.34,0,0,0,0,1.17,0.89,0,0,0,0,0,0,0,0,0,0,0,0,0,0,0,40.0,3.674956091,0.190546072
14.96,26.26,0,12.87,2.1,2.38,38.03,0,0,0,0,0,0,1.34,0,0,0,0,1.17,0.89,0,0,0,0,0,0,0,0,0,0,0,0,0,0,0,40.0,1.974956091,2.630267924
14.96,26.26,0,12.87,2.1,2.38,38.03,0,0,0,0,0,0,1.34,0,0,0,0,1.17,0.89,0,0,0,0,0,0,0,0,0,0,0,0,0,0,0,70.0,5.007263587,0.371535227
14.96,26.26,0,12.87,2.1,2.38,38.03,0,0,0,0,0,0,1.34,0,0,0,0,1.17,0.89,0,0,0,0,0,0,0,0,0,0,0,0,0,0,0,70.0,3.307263587,1.584893192
0,13.87,0,34.46,1.2,9.47,30.27,0,3.45,1.68,0.36,0,0,0.36,0,1.78,0,0,2.36,0,0,0,0,0.74,0,0,0,0,0,0,0,0,0,0,0,22.0,5.080238862,0.002884
0,13.87,0,34.46,1.2,9.47,30.27,0,3.45,1.68,0.36,0,0,0.36,0,1.78,0,0,2.36,0,0,0,0,0.74,0,0,0,0,0,0,0,0,0,0,0,22.0,4.080238862,0.006761
0,13.87,0,34.46,1.2,9.47,30.27,0,3.45,1.68,0.36,0,0,0.36,0,1.78,0,0,2.36,0,0,0,0,0.74,0,0,0,0,0,0,0,0,0,0,0,22.0,3.080238862,0.0302
0,13.87,0,34.46,1.2,9.47,30.27,0,3.45,1.68,0.36,0,0,0.36,0,1.78,0,0,2.36,0,0,0,0,0.74,0,0,0,0,0,0,0,0,0,0,0,22.0,2.080238862,0.138038
0,13.87,0,34.46,1.2,9.47,30.27,0,3.45,1.68,0.36,0,0,0.36,0,1.78,0,0,2.36,0,0,0,0,0.74,0,0,0,0,0,0,0,0,0,0,0,40.8,4.749665552,0.012882
0,13.87,0,34.46,1.2,9.47,30.27,0,3.45,1.68,0.36,0,0,0.36,0,1.78,0,0,2.36,0,0,0,0,0.74,0,0,0,0,0,0,0,0,0,0,0,40.9,3.846513294,0.032359
0,13.87,0,34.46,1.2,9.47,30.27,0,3.45,1.68,0.36,0,0,0.36,0,1.78,0,0,2.36,0,0,0,0,0.74,0,0,0,0,0,0,0,0,0,0,0,40.9,2.546513294,0.141254
0,13.87,0,34.46,1.2,9.47,30.27,0,3.45,1.68,0.36,0,0,0.36,0,1.78,0,0,2.36,0,0,0,0,0.74,0,0,0,0,0,0,0,0,0,0,0,40.9,1.746513294,0.60256
0,13.87,0,34.46,1.2,9.47,30.27,0,3.45,1.68,0.36,0,0,0.36,0,1.78,0,0,2.36,0,0,0,0,0.74,0,0,0,0,0,0,0,0,0,0,0,73.0,4.428766431,0.064565
0,13.87,0,34.46,1.2,9.47,30.27,0,3.45,1.68,0.36,0,0,0.36,0,1.78,0,0,2.36,0,0,0,0,0.74,0,0,0,0,0,0,0,0,0,0,0,70.3,3.699352162,0.194984
0,13.87,0,34.46,1.2,9.47,30.27,0,3.45,1.68,0.36,0,0,0.36,0,1.78,0,0,2.36,0,0,0,0,0.74,0,0,0,0,0,0,0,0,0,0,0,70.3,2.199352162,0.933254
0,13.87,0,34.46,1.2,9.47,30.27,0,3.45,1.68,0.36,0,0,0.36,0,1.78,0,0,2.36,0,0,0,0,0.74,0,0,0,0,0,0,0,0,0,0,0,70.6,1.491454545,3.467369
0,13.87,0,34.46,1.2,9.47,30.27,0,3.45,1.68,0.36,0,0,0.36,0,1.78,0,0,2.36,0,0,0,0,0.74,0,0,0,0,0,0,0,0,0,0,0,89.8,4.41316297,0.138038
0,13.87,0,34.46,1.2,9.47,30.27,0,3.45,1.68,0.36,0,0,0.36,0,1.78,0,0,2.36,0,0,0,0,0.74,0,0,0,0,0,0,0,0,0,0,0,90.4,3.599030395,1.071519
0,13.87,0,34.46,1.2,9.47,30.27,0,3.45,1.68,0.36,0,0,0.36,0,1.78,0,0,2.36,0,0,0,0,0.74,0,0,0,0,0,0,0,0,0,0,0,90.6,1.994329897,3.388442
0,15.19,0,35.7,1.2,8.71,32.69,0,0.52,2.14,0,0,0,0.11,0,1.78,0,0,1.96,0,0,0,0,0,0,0,0,0,0,0,0,0,0,0,0,22.0,5.080238862,0.00263
0,15.19,0,35.7,1.2,8.71,32.69,0,0.52,2.14,0,0,0,0.11,0,1.78,0,0,1.96,0,0,0,0,0,0,0,0,0,0,0,0,0,0,0,0,22.0,4.080238862,0.005495
0,15.19,0,35.7,1.2,8.71,32.69,0,0.52,2.14,0,0,0,0.11,0,1.78,0,0,1.96,0,0,0,0,0,0,0,0,0,0,0,0,0,0,0,0,22.0,3.080238862,0.033113
0,15.19,0,35.7,1.2,8.71,32.69,0,0.52,2.14,0,0,0,0.11,0,1.78,0,0,1.96,0,0,0,0,0,0,0,0,0,0,0,0,0,0,0,0,22.0,2.080238862,0.147911
0,15.19,0,35.7,1.2,8.71,32.69,0,0.52,2.14,0,0,0,0.11,0,1.78,0,0,1.96,0,0,0,0,0,0,0,0,0,0,0,0,0,0,0,0,40.8,4.749665552,0.011482
0,15.19,0,35.7,1.2,8.71,32.69,0,0.52,2.14,0,0,0,0.11,0,1.78,0,0,1.96,0,0,0,0,0,0,0,0,0,0,0,0,0,0,0,0,40.9,3.846513294,0.030903
0,15.19,0,35.7,1.2,8.71,32.69,0,0.52,2.14,0,0,0,0.11,0,1.78,0,0,1.96,0,0,0,0,0,0,0,0,0,0,0,0,0,0,0,0,40.9,2.546513294,0.144544
0,15.19,0,35.7,1.2,8.71,32.69,0,0.52,2.14,0,0,0,0.11,0,1.78,0,0,1.96,0,0,0,0,0,0,0,0,0,0,0,0,0,0,0,0,40.9,1.746513294,0.851138
0,15.19,0,35.7,1.2,8.71,32.69,0,0.52,2.14,0,0,0,0.11,0,1.78,0,0,1.96,0,0,0,0,0,0,0,0,0,0,0,0,0,0,0,0,73.0,4.428766431,0.083176
0,15.19,0,35.7,1.2,8.71,32.69,0,0.52,2.14,0,0,0,0.11,0,1.78,0,0,1.96,0,0,0,0,0,0,0,0,0,0,0,0,0,0,0,0,70.3,3.699352162,0.165959
0,15.19,0,35.7,1.2,8.71,32.69,0,0.52,2.14,0,0,0,0.11,0,1.78,0,0,1.96,0,0,0,0,0,0,0,0,0,0,0,0,0,0,0,0,70.3,2.199352162,0.851138
0,15.19,0,35.7,1.2,8.71,32.69,0,0.52,2.14,0,0,0,0.11,0,1.78,0,0,1.96,0,0,0,0,0,0,0,0,0,0,0,0,0,0,0,0,70.6,1.491454545,3.630781
0,15.19,0,35.7,1.2,8.71,32.69,0,0.52,2.14,0,0,0,0.11,0,1.78,0,0,1.96,0,0,0,0,0,0,0,0,0,0,0,0,0,0,0,0,89.8,4.41316297,0.223872
0,15.19,0,35.7,1.2,8.71,32.69,0,0.52,2.14,0,0,0,0.11,0,1.78,0,0,1.96,0,0,0,0,0,0,0,0,0,0,0,0,0,0,0,0,90.4,3.599030395,0.912011
0,15.19,0,35.7,1.2,8.71,32.69,0,0.52,2.14,0,0,0,0.11,0,1.78,0,0,1.96,0,0,0,0,0,0,0,0,0,0,0,0,0,0,0,0,90.6,1.994329897,3.981072
0,11.99,0,33.26,1.17,6.51,33.35,0,6.0,2.36,0,0,0,0.13,0,2.05,0,0,2.26,0,0,0,0,0.92,0,0,0,0,0,0,0,0,0,0,0,22.7,5.055323644,0.001659586907479024
0,11.99,0,33.26,1.17,6.51,33.35,0,6.0,2.36,0,0,0,0.13,0,2.05,0,0,2.26,0,0,0,0,0.92,0,0,0,0,0,0,0,0,0,0,0,22.7,4.055323644,0.00812830516146864
0,11.99,0,33.26,1.17,6.51,33.35,0,6.0,2.36,0,0,0,0.13,0,2.05,0,0,2.26,0,0,0,0,0.92,0,0,0,0,0,0,0,0,0,0,0,22.7,3.055323644,0.00741310240974797
0,11.99,0,33.26,1.17,6.51,33.35,0,6.0,2.36,0,0,0,0.13,0,2.05,0,0,2.26,0,0,0,0,0.92,0,0,0,0,0,0,0,0,0,0,0,40.9,4.746513294,0.00741310240974797
0,11.99,0,33.26,1.17,6.51,33.35,0,6.0,2.36,0,0,0,0.13,0,2.05,0,0,2.26,0,0,0,0,0.92,0,0,0,0,0,0,0,0,0,0,0,40.9,3.846513294,0.01202264434907935
0,11.99,0,33.26,1.17,6.51,33.35,0,6.0,2.36,0,0,0,0.13,0,2.05,0,0,2.26,0,0,0,0,0.92,0,0,0,0,0,0,0,0,0,0,0,40.9,2.546513294,0.01660098920138988
0,11.99,0,33.26,1.17,6.51,33.35,0,6.0,2.36,0,0,0,0.13,0,2.05,0,0,2.26,0,0,0,0,0.92,0,0,0,0,0,0,0,0,0,0,0,39.9,1.778126497,0.026302680000000002
0,11.99,0,33.26,1.17,6.51,33.35,0,6.0,2.36,0,0,0,0.13,0,2.05,0,0,2.26,0,0,0,0,0.92,0,0,0,0,0,0,0,0,0,0,0,71.0,4.480945809,0.251188643150958
0,11.99,0,33.26,1.17,6.51,33.35,0,6.0,2.36,0,0,0,0.13,0,2.05,0,0,2.26,0,0,0,0,0.92,0,0,0,0,0,0,0,0,0,0,0,71.0,3.680945809,0.31622776601683794
0,11.99,0,33.26,1.17,6.51,33.35,0,6.0,2.36,0,0,0,0.13,0,2.05,0,0,2.26,0,0,0,0,0.92,0,0,0,0,0,0,0,0,0,0,0,70.1,2.204624909,0.426579519
0,11.99,0,33.26,1.17,6.51,33.35,0,6.0,2.36,0,0,0,0.13,0,2.05,0,0,2.26,0,0,0,0,0.92,0,0,0,0,0,0,0,0,0,0,0,70.1,1.504624909,2.5703957834000004
0,11.99,0,33.26,1.17,6.51,33.35,0,6.0,2.36,0,0,0,0.13,0,2.05,0,0,2.26,0,0,0,0,0.92,0,0,0,0,0,0,0,0,0,0,0,90.6,4.394329897,0.31622776601683794
0,11.99,0,33.26,1.17,6.51,33.35,0,6.0,2.36,0,0,0,0.13,0,2.05,0,0,2.26,0,0,0,0,0.92,0,0,0,0,0,0,0,0,0,0,0,90.6,3.594329897,1.1481536215
0,11.99,0,33.26,1.17,6.51,33.35,0,6.0,2.36,0,0,0,0.13,0,2.05,0,0,2.26,0,0,0,0,0.92,0,0,0,0,0,0,0,0,0,0,0,90.5,1.9966795,1.2882500000000001
0,11.99,0,33.26,1.17,6.51,33.35,0,6.0,2.36,0,0,0,0.13,0,2.05,0,0,2.26,0,0,0,0,0.92,0,0,0,0,0,0,0,0,0,0,0,90.5,1.3966795,3.3113112148
6.99,21.3,0,17.3,0,5.15,40.02,0,0,3.8,0,0,0,1.99,0,1.63,0,0,1.17,0.65,0,0,0,0.01,0,0,0,0,0,0,0,0,0,0,0,23.0,5.044681749,0.002137962089589882
6.99,21.3,0,17.3,0,5.15,40.02,0,0,3.8,0,0,0,1.99,0,1.63,0,0,1.17,0.65,0,0,0,0.01,0,0,0,0,0,0,0,0,0,0,0,23.0,4.044681749,0.00407380275811776
6.99,21.3,0,17.3,0,5.15,40.02,0,0,3.8,0,0,0,1.99,0,1.63,0,0,1.17,0.65,0,0,0,0.01,0,0,0,0,0,0,0,0,0,0,0,23.0,3.044681749,0.011748975000000002
6.99,21.3,0,17.3,0,5.15,40.02,0,0,3.8,0,0,0,1.99,0,1.63,0,0,1.17,0.65,0,0,0,0.01,0,0,0,0,0,0,0,0,0,0,0,23.0,2.044681749,0.03981071705534973
6.99,21.3,0,17.3,0,5.15,40.02,0,0,3.8,0,0,0,1.99,0,1.63,0,0,1.17,0.65,0,0,0,0.01,0,0,0,0,0,0,0,0,0,0,0,40.0,4.774956091,0.02137962089589882
6.99,21.3,0,17.3,0,5.15,40.02,0,0,3.8,0,0,0,1.99,0,1.63,0,0,1.17,0.65,0,0,0,0.01,0,0,0,0,0,0,0,0,0,0,0,40.0,3.874956091,0.018619475000000003
6.99,21.3,0,17.3,0,5.15,40.02,0,0,3.8,0,0,0,1.99,0,1.63,0,0,1.17,0.65,0,0,0,0.01,0,0,0,0,0,0,0,0,0,0,0,40.0,2.574956091,0.18197008580000001
6.99,21.3,0,17.3,0,5.15,40.02,0,0,3.8,0,0,0,1.99,0,1.63,0,0,1.17,0.65,0,0,0,0.01,0,0,0,0,0,0,0,0,0,0,0,70.0,4.507263587,0.14454397687
6.99,21.3,0,17.3,0,5.15,40.02,0,0,3.8,0,0,0,1.99,0,1.63,0,0,1.17,0.65,0,0,0,0.01,0,0,0,0,0,0,0,0,0,0,0,70.0,3.707263587,0.1778279410038923
6.99,21.3,0,17.3,0,5.15,40.02,0,0,3.8,0,0,0,1.99,0,1.63,0,0,1.17,0.65,0,0,0,0.01,0,0,0,0,0,0,0,0,0,0,0,70.0,2.207263587,0.7585775750000001
6.99,21.3,0,17.3,0,5.15,40.02,0,0,3.8,0,0,0,1.99,0,1.63,0,0,1.17,0.65,0,0,0,0.01,0,0,0,0,0,0,0,0,0,0,0,70.0,1.507263587,2.4547089157
6.99,21.3,0,17.3,0,5.15,40.02,0,0,3.8,0,0,0,1.99,0,1.63,0,0,1.17,0.65,0,0,0,0.01,0,0,0,0,0,0,0,0,0,0,0,90.0,4.408446923,0.36307805477000005
6.99,21.3,0,17.3,0,5.15,40.02,0,0,3.8,0,0,0,1.99,0,1.63,0,0,1.17,0.65,0,0,0,0.01,0,0,0,0,0,0,0,0,0,0,0,90.0,3.608446923,0.9549925860000001
6.99,21.3,0,17.3,0,5.15,40.02,0,0,3.8,0,0,0,1.99,0,1.63,0,0,1.17,0.65,0,0,0,0.01,0,0,0,0,0,0,0,0,0,0,0,90.0,2.008446923,2.3442288158