Li,B,O,Na,Mg,Al,Si,P,K,Ca,Ti,Cr,Mn,Fe,Ni,Zn,Sr,Y,Zr,Mo,Ru,Ag,Cd,Sn,Sb,Te,Cs,Ba,La,Ce,Pr,Nd,S_autres_TR,Th,U,Temp√©rature,ph,Ln(V0)
6.4,10.45,58.43,5.21,0.66,0.73,15.3,0,0,0,0,0.1,0,0.47,0.07,0,0.06,0.02,0.39,0.28,0.07,0,0,0,0,0.03,0.23,0.16,0.08,0.14,0.06,0.21,0.45,0,0,23,8.0,-5.298317367
6.4,10.45,58.43,5.21,0.66,0.73,15.3,0,0,0,0,0.1,0,0.47,0.07,0,0.06,0.02,0.39,0.28,0.07,0,0,0,0,0.03,0.23,0.16,0.08,0.14,0.06,0.21,0.45,0,0,40,7.9,-2.975929646
6.4,10.45,58.43,5.21,0.66,0.73,15.3,0,0,0,0,0.1,0,0.47,0.07,0,0.06,0.02,0.39,0.28,0.07,0,0,0,0,0.03,0.23,0.16,0.08,0.14,0.06,0.21,0.45,0,0,70,7.6,-0.9288695141
6.4,10.45,58.43,5.21,0.66,0.73,15.3,0,0,0,0,0.1,0,0.47,0.07,0,0.06,0.02,0.39,0.28,0.07,0,0,0,0,0.03,0.23,0.16,0.08,0.14,0.06,0.21,0.45,0,0,23,10.0,-3.611918413
6.4,10.45,58.43,5.21,0.66,0.73,15.3,0,0,0,0,0.1,0,0.47,0.07,0,0.06,0.02,0.39,0.28,0.07,0,0,0,0,0.03,0.23,0.16,0.08,0.14,0.06,0.21,0.45,0,0,40,9.8,-2.244316185
6.4,10.45,58.43,5.21,0.66,0.73,15.3,0,0,0,0,0.1,0,0.47,0.07,0,0.06,0.02,0.39,0.28,0.07,0,0,0,0,0.03,0.23,0.16,0.08,0.14,0.06,0.21,0.45,0,0,70,9.3,0.9353087377
6.4,10.45,58.43,5.21,0.66,0.73,15.3,0,0,0,0,0.1,0,0.47,0.07,0,0.06,0.02,0.39,0.28,0.07,0,0,0,0,0.03,0.23,0.16,0.08,0.14,0.06,0.21,0.45,0,0,23,12.0,-0.7153927895
6.4,10.45,58.43,5.21,0.66,0.73,15.3,0,0,0,0,0.1,0,0.47,0.07,0,0.06,0.02,0.39,0.28,0.07,0,0,0,0,0.03,0.23,0.16,0.08,0.14,0.06,0.21,0.45,0,0,40,11.5,0.7701082217
5.9,10.35,58.61,5.07,0.83,0.94,14.99,0,0,0,0,0.12,0,0.52,0.13,0,0.07,0.02,0.46,0.35,0.08,0,0,0,0,0.04,0.29,0.18,0.09,0.16,0.06,0.22,0.51,0,0,23,8.0,-5.298317367
5.9,10.35,58.61,5.07,0.83,0.94,14.99,0,0,0,0,0.12,0,0.52,0.13,0,0.07,0.02,0.46,0.35,0.08,0,0,0,0,0.04,0.29,0.18,0.09,0.16,0.06,0.22,0.51,0,0,40,7.9,-3.816712826
5.9,10.35,58.61,5.07,0.83,0.94,14.99,0,0,0,0,0.12,0,0.52,0.13,0,0.07,0.02,0.46,0.35,0.08,0,0,0,0,0.04,0.29,0.18,0.09,0.16,0.06,0.22,0.51,0,0,70,7.6,-0.9969586349
5.9,10.35,58.61,5.07,0.83,0.94,14.99,0,0,0,0,0.12,0,0.52,0.13,0,0.07,0.02,0.46,0.35,0.08,0,0,0,0,0.04,0.29,0.18,0.09,0.16,0.06,0.22,0.51,0,0,23,10.0,-3.729701449
5.9,10.35,58.61,5.07,0.83,0.94,14.99,0,0,0,0,0.12,0,0.52,0.13,0,0.07,0.02,0.46,0.35,0.08,0,0,0,0,0.04,0.29,0.18,0.09,0.16,0.06,0.22,0.51,0,0,40,9.8,-1.666008264
5.9,10.35,58.61,5.07,0.83,0.94,14.99,0,0,0,0,0.12,0,0.52,0.13,0,0.07,0.02,0.46,0.35,0.08,0,0,0,0,0.04,0.29,0.18,0.09,0.16,0.06,0.22,0.51,0,0,70,9.3,0.4510756194
5.9,10.35,58.61,5.07,0.83,0.94,14.99,0,0,0,0,0.12,0,0.52,0.13,0,0.07,0.02,0.46,0.35,0.08,0,0,0,0,0.04,0.29,0.18,0.09,0.16,0.06,0.22,0.51,0,0,23,12.0,-0.6236211179
5.9,10.35,58.61,5.07,0.83,0.94,14.99,0,0,0,0,0.12,0,0.52,0.13,0,0.07,0.02,0.46,0.35,0.08,0,0,0,0,0.04,0.29,0.18,0.09,0.16,0.06,0.22,0.51,0,0,40,11.5,0.9719146356
0,9.58,60.32,7.61,0,2.28,18.0,0,0,1.71,0,0,0,0,0,0,0,0,0.51,0,0,0,0,0,0,0,0,0,0,0,0,0,0,0,0,90,9.0,1.335001067
0,9.58,60.32,7.61,0,2.28,18.0,0,0,1.71,0,0,0,0,0,0,0,0,0.51,0,0,0,0,0,0,0,0,0,0,0,0,0,0,0,0,90,9.0,1.280933845
0,9.58,60.32,7.61,0,2.28,18.0,0,0,1.71,0,0,0,0,0,0,0,0,0.51,0,0,0,0,0,0,0,0,0,0,0,0,0,0,0,0,90,9.0,1.30833282
0,10.38,61.2,3.16,0,8.47,12.84,0,0,1.07,0,0,0,0,0,0,0,0,0.56,0,0,0,0,0,0,0,0,0,0,0,0,2.31,0,0,0,100,6.75,-0.2231435513
0,10.76,59.4,10.76,0,0,18.5,0,0,0,0,0,0,0,0,0,0,0,0,0,0,0,0,0,0,0,0,0,0,0,0,0,0.59,0,0,80,6.4,1.057790294
21.35,0,49.6,0,0,0,0,1.12,0,11.38,0,0,0.55,0,0,4.9,0.52,0.28,2.2,1.51,0.76,0.04,0.04,0.02,0,0.23,1.25,0.63,0.9,0,0.44,1.55,0.53,0.19,0.03,50,8.9,0.6626879731
21.35,0,49.6,0,0,0,0,1.12,0,11.38,0,0,0.55,0,0,4.9,0.52,0.28,2.2,1.51,0.76,0.04,0.04,0.02,0,0.23,1.25,0.63,0.9,0,0.44,1.55,0.53,0.19,0.03,50,9.3,0.7654678421
21.35,0,49.6,0,0,0,0,1.12,0,11.38,0,0,0.55,0,0,4.9,0.52,0.28,2.2,1.51,0.76,0.04,0.04,0.02,0,0.23,1.25,0.63,0.9,0,0.44,1.55,0.53,0.19,0.03,50,9.4,1.078409581
21.35,0,49.6,0,0,0,0,1.12,0,11.38,0,0,0.55,0,0,4.9,0.52,0.28,2.2,1.51,0.76,0.04,0.04,0.02,0,0.23,1.25,0.63,0.9,0,0.44,1.55,0.53,0.19,0.03,50,9.2,0.5822156199
21.35,0,49.6,0,0,0,0,1.12,0,11.38,0,0,0.55,0,0,4.9,0.52,0.28,2.2,1.51,0.76,0.04,0.04,0.02,0,0.23,1.25,0.63,0.9,0,0.44,1.55,0.53,0.19,0.03,50,9.1,0.457424847
21.35,0,49.6,0,0,0,0,1.12,0,11.38,0,0,0.55,0,0,4.9,0.52,0.28,2.2,1.51,0.76,0.04,0.04,0.02,0,0.23,1.25,0.63,0.9,0,0.44,1.55,0.53,0.19,0.03,50,9.4,0.476234179
21.35,0,49.6,0,0,0,0,1.12,0,11.38,0,0,0.55,0,0,4.9,0.52,0.28,2.2,1.51,0.76,0.04,0.04,0.02,0,0.23,1.25,0.63,0.9,0,0.44,1.55,0.53,0.19,0.03,50,8.8,0.5988365011
21.35,0,49.6,0,0,0,0,1.12,0,11.38,0,0,0.55,0,0,4.9,0.52,0.28,2.2,1.51,0.76,0.04,0.04,0.02,0,0.23,1.25,0.63,0.9,0,0.44,1.55,0.53,0.19,0.03,50,9.2,0.8671004877
21.35,0,49.6,0,0,0,0,1.12,0,11.38,0,0,0.55,0,0,4.9,0.52,0.28,2.2,1.51,0.76,0.04,0.04,0.02,0,0.23,1.25,0.63,0.9,0,0.44,1.55,0.53,0.19,0.03,50,9.0,0.8878912574
21.35,0,49.6,0,0,0,0,1.12,0,11.38,0,0,0.55,0,0,4.9,0.52,0.28,2.2,1.51,0.76,0.04,0.04,0.02,0,0.23,1.25,0.63,0.9,0,0.44,1.55,0.53,0.19,0.03,50,8.6,1.118414916
21.35,0,49.6,0,0,0,0,1.12,0,11.38,0,0,0.55,0,0,4.9,0.52,0.28,2.2,1.51,0.76,0.04,0.04,0.02,0,0.23,1.25,0.63,0.9,0,0.44,1.55,0.53,0.19,0.03,50,9.5,0.4824261492
21.35,0,49.6,0,0,0,0,1.12,0,11.38,0,0,0.55,0,0,4.9,0.52,0.28,2.2,1.51,0.76,0.04,0.04,0.02,0,0.23,1.25,0.63,0.9,0,0.44,1.55,0.53,0.19,0.03,50,8.7,0.2700271372
21.35,0,49.6,0,0,0,0,1.12,0,11.38,0,0,0.55,0,0,4.9,0.52,0.28,2.2,1.51,0.76,0.04,0.04,0.02,0,0.23,1.25,0.63,0.9,0,0.44,1.55,0.53,0.19,0.03,50,9.5,0.8837675402
21.35,0,49.6,0,0,0,0,1.12,0,11.38,0,0,0.55,0,0,4.9,0.52,0.28,2.2,1.51,0.76,0.04,0.04,0.02,0,0.23,1.25,0.63,0.9,0,0.44,1.55,0.53,0.19,0.03,50,8.8,0.9631743178
21.35,0,49.6,0,0,0,0,1.12,0,11.38,0,0,0.55,0,0,4.9,0.52,0.28,2.2,1.51,0.76,0.04,0.04,0.02,0,0.23,1.25,0.63,0.9,0,0.44,1.55,0.53,0.19,0.03,50,9.3,0.8501509294
21.35,0,49.6,0,0,0,0,1.12,0,11.38,0,0,0.55,0,0,4.9,0.52,0.28,2.2,1.51,0.76,0.04,0.04,0.02,0,0.23,1.25,0.63,0.9,0,0.44,1.55,0.53,0.19,0.03,50,8.9,0.7323678937
21.35,0,49.6,0,0,0,0,1.12,0,11.38,0,0,0.55,0,0,4.9,0.52,0.28,2.2,1.51,0.76,0.04,0.04,0.02,0,0.23,1.25,0.63,0.9,0,0.44,1.55,0.53,0.19,0.03,50,9.0,0.9162907319
21.35,0,49.6,0,0,0,0,1.12,0,11.38,0,0,0.55,0,0,4.9,0.52,0.28,2.2,1.51,0.76,0.04,0.04,0.02,0,0.23,1.25,0.63,0.9,0,0.44,1.55,0.53,0.19,0.03,50,8.7,1.199964783
21.35,0,49.6,0,0,0,0,1.12,0,11.38,0,0,0.55,0,0,4.9,0.52,0.28,2.2,1.51,0.76,0.04,0.04,0.02,0,0.23,1.25,0.63,0.9,0,0.44,1.55,0.53,0.19,0.03,50,9.0,0.8285518176
21.35,0,49.6,0,0,0,0,1.12,0,11.38,0,0,0.55,0,0,4.9,0.52,0.28,2.2,1.51,0.76,0.04,0.04,0.02,0,0.23,1.25,0.63,0.9,0,0.44,1.55,0.53,0.19,0.03,50,9.3,1.208960346
21.35,0,49.6,0,0,0,0,1.12,0,11.38,0,0,0.55,0,0,4.9,0.52,0.28,2.2,1.51,0.76,0.04,0.04,0.02,0,0.23,1.25,0.63,0.9,0,0.44,1.55,0.53,0.19,0.03,50,9.2,0.9669838462
21.35,0,49.6,0,0,0,0,1.12,0,11.38,0,0,0.55,0,0,4.9,0.52,0.28,2.2,1.51,0.76,0.04,0.04,0.02,0,0.23,1.25,0.63,0.9,0,0.44,1.55,0.53,0.19,0.03,50,9.0,0.8197798315
21.35,0,49.6,0,0,0,0,1.12,0,11.38,0,0,0.55,0,0,4.9,0.52,0.28,2.2,1.51,0.76,0.04,0.04,0.02,0,0.23,1.25,0.63,0.9,0,0.44,1.55,0.53,0.19,0.03,50,9.1,0.8628899551
11.96,0,55.33,0,0,0,0,0,0,0,0,2.18,0.41,11.92,1.79,0,0,0.47,1.7,1.21,1.21,0.39,0.1,0.06,0.03,0.39,2.25,0.99,1.54,0,0.76,2.47,1.48,0.19,1.16,50,9.3,1.345472367
11.96,0,55.33,0,0,0,0,0,0,0,0,2.18,0.41,11.92,1.79,0,0,0.47,1.7,1.21,1.21,0.39,0.1,0.06,0.03,0.39,2.25,0.99,1.54,0,0.76,2.47,1.48,0.19,1.16,50,9.3,1.026041596
11.96,0,55.33,0,0,0,0,0,0,0,0,2.18,0.41,11.92,1.79,0,0,0.47,1.7,1.21,1.21,0.39,0.1,0.06,0.03,0.39,2.25,0.99,1.54,0,0.76,2.47,1.48,0.19,1.16,50,9.2,0.2776317366
11.96,0,55.33,0,0,0,0,0,0,0,0,2.18,0.41,11.92,1.79,0,0,0.47,1.7,1.21,1.21,0.39,0.1,0.06,0.03,0.39,2.25,0.99,1.54,0,0.76,2.47,1.48,0.19,1.16,50,9.0,0.5877866649
11.96,0,55.33,0,0,0,0,0,0,0,0,2.18,0.41,11.92,1.79,0,0,0.47,1.7,1.21,1.21,0.39,0.1,0.06,0.03,0.39,2.25,0.99,1.54,0,0.76,2.47,1.48,0.19,1.16,50,9.8,1.061256502
0,0.67,62.32,0,0,4.11,19.62,0,0,10.2,1.81,0,0,0,0,0,0,0,0.38,0,0,0,0,0,0,0,0,0,0,0,0,0.9,0,0,0,90,8.7,-0.7133498879
0,0.67,62.32,0,0,4.11,19.62,0,0,10.2,1.81,0,0,0,0,0,0,0,0.38,0,0,0,0,0,0,0,0,0,0,0,0,0.9,0,0,0,90,8.67,-0.2484613593
0,0.67,62.32,0,0,4.11,19.62,0,0,10.2,1.81,0,0,0,0,0,0,0,0.38,0,0,0,0,0,0,0,0,0,0,0,0,0.9,0,0,0,90,8.95,0.2231435513
0,0.67,62.32,0,0,4.11,19.62,0,0,10.2,1.81,0,0,0,0,0,0,0,0.38,0,0,0,0,0,0,0,0,0,0,0,0,0.9,0,0,0,90,8.51,-0.2357223335
0,0.67,62.32,0,0,4.11,19.62,0,0,10.2,1.81,0,0,0,0,0,0,0,0.38,0,0,0,0,0,0,0,0,0,0,0,0,0.9,0,0,0,90,8.84,-0.5978370008
0,0.67,62.32,0,0,4.11,19.62,0,0,10.2,1.81,0,0,0,0,0,0,0,0.38,0,0,0,0,0,0,0,0,0,0,0,0,0.9,0,0,0,90,8.85,0.5538851132
0,0.67,62.32,0,0,4.11,19.62,0,0,10.2,1.81,0,0,0,0,0,0,0,0.38,0,0,0,0,0,0,0,0,0,0,0,0,0.9,0,0,0,90,8.69,0.3576744443
0,0.67,62.32,0,0,4.11,19.62,0,0,10.2,1.81,0,0,0,0,0,0,0,0.38,0,0,0,0,0,0,0,0,0,0,0,0,0.9,0,0,0,90,8.55,0.02955880224
0,0.67,62.32,0,0,4.11,19.62,0,0,10.2,1.81,0,0,0,0,0,0,0,0.38,0,0,0,0,0,0,0,0,0,0,0,0,0.9,0,0,0,90,8.6,0.07696104114
0,0.67,62.32,0,0,4.11,19.62,0,0,10.2,1.81,0,0,0,0,0,0,0,0.38,0,0,0,0,0,0,0,0,0,0,0,0,0.9,0,0,0,90,8.42,-0.02020270732
0,0.67,62.32,0,0,4.11,19.62,0,0,10.2,1.81,0,0,0,0,0,0,0,0.38,0,0,0,0,0,0,0,0,0,0,0,0,0.9,0,0,0,90,8.73,0.05826890812
0,0.67,62.32,0,0,4.11,19.62,0,0,10.2,1.81,0,0,0,0,0,0,0,0.38,0,0,0,0,0,0,0,0,0,0,0,0,0.9,0,0,0,90,8.54,-0.03045920748
0,0.67,62.32,0,0,4.11,19.62,0,0,10.2,1.81,0,0,0,0,0,0,0,0.38,0,0,0,0,0,0,0,0,0,0,0,0,0.9,0,0,0,90,8.84,0.955511445
0,0.67,62.32,0,0,4.11,19.62,0,0,10.2,1.81,0,0,0,0,0,0,0,0.38,0,0,0,0,0,0,0,0,0,0,0,0,0.9,0,0,0,90,8.69,0.4317824164
0,0.67,62.32,0,0,4.11,19.62,0,0,10.2,1.81,0,0,0,0,0,0,0,0.38,0,0,0,0,0,0,0,0,0,0,0,0,0.9,0,0,0,90,8.93,0.7275486073
0,0.67,62.32,0,0,4.11,19.62,0,0,10.2,1.81,0,0,0,0,0,0,0,0.38,0,0,0,0,0,0,0,0,0,0,0,0,0.9,0,0,0,90,8.53,-0.5978370008
0,0.67,62.32,0,0,4.11,19.62,0,0,10.2,1.81,0,0,0,0,0,0,0,0.38,0,0,0,0,0,0,0,0,0,0,0,0,0.9,0,0,0,90,8.89,0.4946962418
0,0.67,62.32,0,0,4.11,19.62,0,0,10.2,1.81,0,0,0,0,0,0,0,0.38,0,0,0,0,0,0,0,0,0,0,0,0,0.9,0,0,0,90,8.59,0.231111721
0,0.67,62.32,0,0,4.11,19.62,0,0,10.2,1.81,0,0,0,0,0,0,0,0.38,0,0,0,0,0,0,0,0,0,0,0,0,0.9,0,0,0,90,8.87,0.3074846997
0,0.67,62.32,0,0,4.11,19.62,0,0,10.2,1.81,0,0,0,0,0,0,0,0.38,0,0,0,0,0,0,0,0,0,0,0,0,0.9,0,0,0,90,8.59,-0.5621189182
0,0.67,62.32,0,0,4.11,19.62,0,0,10.2,1.81,0,0,0,0,0,0,0,0.38,0,0,0,0,0,0,0,0,0,0,0,0,0.9,0,0,0,90,8.74,0.05826890812
0,10.09,60.6,7.98,0,2.41,18.93,0,0,0,0,0,0,0,0,0,0,0,0,0,0,0,0,0,0,0,0,0,0,0,0,0,0,0,0,90,9,0.0953101798
0,9.73,60.24,7.69,0,2.34,18.29,0,0,1.72,0,0,0,0,0,0,0,0,0,0,0,0,0,0,0,0,0,0,0,0,0,0,0,0,0,90,9,0.8754687374
0,9.57,60.33,7.58,0,2.27,18.02,0,0,1.72,0,0,0,0,0,0,0,0,0.52,0,0,0,0,0,0,0,0,0,0,0,0,0,0,0,0,90,9,0.5306282511
0,9.57,60.35,7.55,0,2.29,18.03,0,0,1.7,0,0,0,0,0,0,0,0,0.51,0,0,0,0,0,0,0,0,0,0,0,0,0,0,0,0,90,9,0.4700036292
3.04,9.18,59.12,7.19,0,2.2,17.16,0,0,1.62,0,0,0,0,0,0,0,0,0.5,0,0,0,0,0,0,0,0,0,0,0,0,0,0,0,0,90,9,0.7884573604
0,9.91,60.71,7.83,0,2.38,18.64,0,0,0,0,0,0,0,0,0,0,0,0.54,0,0,0,0,0,0,0,0,0,0,0,0,0,0,0,0,90,9,0.0953101798
3.05,9.1,59.01,7.43,0,2.19,17.1,0,0,1.63,0,0,0,0,0,0,0,0,0.5,0,0,0,0,0,0,0,0,0,0,0,0,0,0,0,0,90,9.3,0.7884573604
6.06,5.58,59.01,4.54,0,3.7,17.97,0,0,1.79,0,0,0,0,0,0,0,0,0.19,0.21,0,0,0,0,0,0,0.16,0,0,0.15,0,0.24,0,0,0,23,8.99,-6.413059037
6.06,5.58,59.01,4.54,0,3.7,17.97,0,0,1.79,0,0,0,0,0,0,0,0,0.19,0.21,0,0,0,0,0,0,0.16,0,0,0.15,0,0.24,0,0,0,23,9.99,-6.123853735
6.06,5.58,59.01,4.54,0,3.7,17.97,0,0,1.79,0,0,0,0,0,0,0,0,0.19,0.21,0,0,0,0,0,0,0.16,0,0,0.15,0,0.24,0,0,0,23,11.0,-4.268697949
6.06,5.58,59.01,4.54,0,3.7,17.97,0,0,1.79,0,0,0,0,0,0,0,0,0.19,0.21,0,0,0,0,0,0,0.16,0,0,0.15,0,0.24,0,0,0,23,12.02,-2.753570716
6.06,5.58,59.01,4.54,0,3.7,17.97,0,0,1.79,0,0,0,0,0,0,0,0,0.19,0.21,0,0,0,0,0,0,0.16,0,0,0.15,0,0.24,0,0,0,40,8.67,-5.146455017
6.06,5.58,59.01,4.54,0,3.7,17.97,0,0,1.79,0,0,0,0,0,0,0,0,0.19,0.21,0,0,0,0,0,0,0.16,0,0,0.15,0,0.24,0,0,0,40,9.55,-4.110473944
6.06,5.58,59.01,4.54,0,3.7,17.97,0,0,1.79,0,0,0,0,0,0,0,0,0.19,0.21,0,0,0,0,0,0,0.16,0,0,0.15,0,0.24,0,0,0,40,10.89,-2.32995629
6.06,5.58,59.01,4.54,0,3.7,17.97,0,0,1.79,0,0,0,0,0,0,0,0,0.19,0.21,0,0,0,0,0,0,0.16,0,0,0.15,0,0.24,0,0,0,40,11.74,-1.052683357
6.06,5.58,59.01,4.54,0,3.7,17.97,0,0,1.79,0,0,0,0,0,0,0,0,0.19,0.21,0,0,0,0,0,0,0.16,0,0,0.15,0,0.24,0,0,0,70,8.08,-2.234926445
6.06,5.58,59.01,4.54,0,3.7,17.97,0,0,1.79,0,0,0,0,0,0,0,0,0.19,0.21,0,0,0,0,0,0,0.16,0,0,0.15,0,0.24,0,0,0,70,8.88,-1.682008605
6.06,5.58,59.01,4.54,0,3.7,17.97,0,0,1.79,0,0,0,0,0,0,0,0,0.19,0.21,0,0,0,0,0,0,0.16,0,0,0.15,0,0.24,0,0,0,70,10.43,-0.1578240852
6.06,5.58,59.01,4.54,0,3.7,17.97,0,0,1.79,0,0,0,0,0,0,0,0,0.19,0.21,0,0,0,0,0,0,0.16,0,0,0.15,0,0.24,0,0,0,70,11.08,0.5481214085
6.06,5.58,59.01,4.54,0,3.7,17.97,0,0,1.79,0,0,0,0,0,0,0,0,0.19,0.21,0,0,0,0,0,0,0.16,0,0,0.15,0,0.24,0,0,0,90,7.72,-1.164752091
6.06,5.58,59.01,4.54,0,3.7,17.97,0,0,1.79,0,0,0,0,0,0,0,0,0.19,0.21,0,0,0,0,0,0,0.16,0,0,0.15,0,0.24,0,0,0,90,8.52,-0.412489723
6.06,5.58,59.01,4.54,0,3.7,17.97,0,0,1.79,0,0,0,0,0,0,0,0,0.19,0.21,0,0,0,0,0,0,0.16,0,0,0.15,0,0.24,0,0,0,90,10.06,1.232560261
0,9.57,60.33,7.58,0,2.3,18.0,0,0,1.72,0,0,0,0,0,0,0,0,0.52,0,0,0,0,0,0,0,0,0,0,0,0,0,0,0,0,23,8.99,-5.489477872
0,9.57,60.33,7.58,0,2.3,18.0,0,0,1.72,0,0,0,0,0,0,0,0,0.52,0,0,0,0,0,0,0,0,0,0,0,0,0,0,0,0,23,9.99,-4.730733409
0,9.57,60.33,7.58,0,2.3,18.0,0,0,1.72,0,0,0,0,0,0,0,0,0.52,0,0,0,0,0,0,0,0,0,0,0,0,0,0,0,0,23,11.0,-4.022954566
0,9.57,60.33,7.58,0,2.3,18.0,0,0,1.72,0,0,0,0,0,0,0,0,0.52,0,0,0,0,0,0,0,0,0,0,0,0,0,0,0,0,23,12.02,-3.158251203
0,9.57,60.33,7.58,0,2.3,18.0,0,0,1.72,0,0,0,0,0,0,0,0,0.52,0,0,0,0,0,0,0,0,0,0,0,0,0,0,0,0,40,8.67,-4.104394898
0,9.57,60.33,7.58,0,2.3,18.0,0,0,1.72,0,0,0,0,0,0,0,0,0.52,0,0,0,0,0,0,0,0,0,0,0,0,0,0,0,0,40,9.55,-2.437259996
0,9.57,60.33,7.58,0,2.3,18.0,0,0,1.72,0,0,0,0,0,0,0,0,0.52,0,0,0,0,0,0,0,0,0,0,0,0,0,0,0,0,40,10.89,-2.302585093
0,9.57,60.33,7.58,0,2.3,18.0,0,0,1.72,0,0,0,0,0,0,0,0,0.52,0,0,0,0,0,0,0,0,0,0,0,0,0,0,0,0,40,11.74,-0.9441759354
0,9.57,60.33,7.58,0,2.3,18.0,0,0,1.72,0,0,0,0,0,0,0,0,0.52,0,0,0,0,0,0,0,0,0,0,0,0,0,0,0,0,70,8.08,-2.137070655
0,9.57,60.33,7.58,0,2.3,18.0,0,0,1.72,0,0,0,0,0,0,0,0,0.52,0,0,0,0,0,0,0,0,0,0,0,0,0,0,0,0,70,8.88,-0.5798184953
0,9.57,60.33,7.58,0,2.3,18.0,0,0,1.72,0,0,0,0,0,0,0,0,0.52,0,0,0,0,0,0,0,0,0,0,0,0,0,0,0,0,70,10.43,-0.05762911284
0,9.57,60.33,7.58,0,2.3,18.0,0,0,1.72,0,0,0,0,0,0,0,0,0.52,0,0,0,0,0,0,0,0,0,0,0,0,0,0,0,0,70,11.08,1.247032294
0,9.57,60.33,7.58,0,2.3,18.0,0,0,1.72,0,0,0,0,0,0,0,0,0.52,0,0,0,0,0,0,0,0,0,0,0,0,0,0,0,0,90,7.72,-1.049822124
0,9.57,60.33,7.58,0,2.3,18.0,0,0,1.72,0,0,0,0,0,0,0,0,0.52,0,0,0,0,0,0,0,0,0,0,0,0,0,0,0,0,90,8.52,0.1988508587
0,9.57,60.33,7.58,0,2.3,18.0,0,0,1.72,0,0,0,0,0,0,0,0,0.52,0,0,0,0,0,0,0,0,0,0,0,0,0,0,0,0,90,10.06,1.305626458
2.79,8.5,58.94,6.9,0,2.05,15.97,0,0,1.52,0,0,0,0.79,0,0.65,0,0,0.47,0.26,0,0,0,0,0,0,0.16,0,0,0.12,0,0.25,0,0,0,23,8.99,-6.151633299
2.79,8.5,58.94,6.9,0,2.05,15.97,0,0,1.52,0,0,0,0.79,0,0.65,0,0,0.47,0.26,0,0,0,0,0,0,0.16,0,0,0.12,0,0.25,0,0,0,23,9.99,-5.496768305
2.79,8.5,58.94,6.9,0,2.05,15.97,0,0,1.52,0,0,0,0.79,0,0.65,0,0,0.47,0.26,0,0,0,0,0,0,0.16,0,0,0.12,0,0.25,0,0,0,23,11.0,-4.439655748
2.79,8.5,58.94,6.9,0,2.05,15.97,0,0,1.52,0,0,0,0.79,0,0.65,0,0,0.47,0.26,0,0,0,0,0,0,0.16,0,0,0.12,0,0.25,0,0,0,23,12.02,-3.231454607
2.79,8.5,58.94,6.9,0,2.05,15.97,0,0,1.52,0,0,0,0.79,0,0.65,0,0,0.47,0.26,0,0,0,0,0,0,0.16,0,0,0.12,0,0.25,0,0,0,40,8.67,-3.853754097
2.79,8.5,58.94,6.9,0,2.05,15.97,0,0,1.52,0,0,0,0.79,0,0.65,0,0,0.47,0.26,0,0,0,0,0,0,0.16,0,0,0.12,0,0.25,0,0,0,40,9.55,-3.984593698
2.79,8.5,58.94,6.9,0,2.05,15.97,0,0,1.52,0,0,0,0.79,0,0.65,0,0,0.47,0.26,0,0,0,0,0,0,0.16,0,0,0.12,0,0.25,0,0,0,40,10.89,-1.698269126
2.79,8.5,58.94,6.9,0,2.05,15.97,0,0,1.52,0,0,0,0.79,0,0.65,0,0,0.47,0.26,0,0,0,0,0,0,0.16,0,0,0.12,0,0.25,0,0,0,40,11.74,-0.4292456368
2.79,8.5,58.94,6.9,0,2.05,15.97,0,0,1.52,0,0,0,0.79,0,0.65,0,0,0.47,0.26,0,0,0,0,0,0,0.16,0,0,0.12,0,0.25,0,0,0,70,8.08,-1.924148657
2.79,8.5,58.94,6.9,0,2.05,15.97,0,0,1.52,0,0,0,0.79,0,0.65,0,0,0.47,0.26,0,0,0,0,0,0,0.16,0,0,0.12,0,0.25,0,0,0,70,8.88,-1.731605546
2.79,8.5,58.94,6.9,0,2.05,15.97,0,0,1.52,0,0,0,0.79,0,0.65,0,0,0.47,0.26,0,0,0,0,0,0,0.16,0,0,0.12,0,0.25,0,0,0,70,10.43,-0.2863496272
2.79,8.5,58.94,6.9,0,2.05,15.97,0,0,1.52,0,0,0,0.79,0,0.65,0,0,0.47,0.26,0,0,0,0,0,0,0.16,0,0,0.12,0,0.25,0,0,0,70,11.08,0.8960880246
2.79,8.5,58.94,6.9,0,2.05,15.97,0,0,1.52,0,0,0,0.79,0,0.65,0,0,0.47,0.26,0,0,0,0,0,0,0.16,0,0,0.12,0,0.25,0,0,0,90,7.72,-1.002393431
2.79,8.5,58.94,6.9,0,2.05,15.97,0,0,1.52,0,0,0,0.79,0,0.65,0,0,0.47,0.26,0,0,0,0,0,0,0.16,0,0,0.12,0,0.25,0,0,0,90,8.52,-0.04919024419
2.79,8.5,58.94,6.9,0,2.05,15.97,0,0,1.52,0,0,0,0.79,0,0.65,0,0,0.47,0.26,0,0,0,0,0,0,0.16,0,0,0.12,0,0.25,0,0,0,90,10.06,0.8458682676
6.06,5.57,59.08,4.54,0,3.7,17.95,0,0,1.79,0,0,0,0,0,0,0,0,0.19,0.21,0,0,0,0,0,0,0,0,0,0,0,0,0.51,0,0,22.7,9.0,-6.424212469
6.06,5.57,59.08,4.54,0,3.7,17.95,0,0,1.79,0,0,0,0,0,0,0,0,0.19,0.21,0,0,0,0,0,0,0,0,0,0,0,0,0.51,0,0,22.7,10.0,-6.12487709
6.06,5.57,59.08,4.54,0,3.7,17.95,0,0,1.79,0,0,0,0,0,0,0,0,0.19,0.21,0,0,0,0,0,0,0,0,0,0,0,0,0.51,0,0,22.7,11.0,-4.2597821
6.06,5.57,59.08,4.54,0,3.7,17.95,0,0,1.79,0,0,0,0,0,0,0,0,0.19,0.21,0,0,0,0,0,0,0,0,0,0,0,0,0.51,0,0,22.7,12.0,-2.763102182
6.06,5.57,59.08,4.54,0,3.7,17.95,0,0,1.79,0,0,0,0,0,0,0,0,0.19,0.21,0,0,0,0,0,0,0,0,0,0,0,0,0.51,0,0,40.9,8.7,-5.157792237
6.06,5.57,59.08,4.54,0,3.7,17.95,0,0,1.79,0,0,0,0,0,0,0,0,0.19,0.21,0,0,0,0,0,0,0,0,0,0,0,0,0.51,0,0,40.9,9.6,-4.121627376
6.06,5.57,59.08,4.54,0,3.7,17.95,0,0,1.79,0,0,0,0,0,0,0,0,0.19,0.21,0,0,0,0,0,0,0,0,0,0,0,0,0.51,0,0,40.2,10.9,-2.325610965
6.06,5.57,59.08,4.54,0,3.7,17.95,0,0,1.79,0,0,0,0,0,0,0,0,0.19,0.21,0,0,0,0,0,0,0,0,0,0,0,0,0.51,0,0,39.9,11.7,-1.059189144
6.06,5.57,59.08,4.54,0,3.7,17.95,0,0,1.79,0,0,0,0,0,0,0,0,0.19,0.21,0,0,0,0,0,0,0,0,0,0,0,0,0.51,0,0,71.0,8.1,-2.233507545
6.06,5.57,59.08,4.54,0,3.7,17.95,0,0,1.79,0,0,0,0,0,0,0,0,0.19,0.21,0,0,0,0,0,0,0,0,0,0,0,0,0.51,0,0,71.0,8.9,-1.680887138
6.06,5.57,59.08,4.54,0,3.7,17.95,0,0,1.79,0,0,0,0,0,0,0,0,0.19,0.21,0,0,0,0,0,0,0,0,0,0,0,0,0.51,0,0,70.1,10.4,-0.1611809544
6.06,5.57,59.08,4.54,0,3.7,17.95,0,0,1.79,0,0,0,0,0,0,0,0,0.19,0.21,0,0,0,0,0,0,0,0,0,0,0,0,0.51,0,0,70.1,11.1,0.552620423
6.06,5.57,59.08,4.54,0,3.7,17.95,0,0,1.79,0,0,0,0,0,0,0,0,0.19,0.21,0,0,0,0,0,0,0,0,0,0,0,0,0.51,0,0,90.6,7.7,-1.174318408
6.06,5.57,59.08,4.54,0,3.7,17.95,0,0,1.79,0,0,0,0,0,0,0,0,0.19,0.21,0,0,0,0,0,0,0,0,0,0,0,0,0.51,0,0,90.6,8.5,-0.4144653137
6.06,5.57,59.08,4.54,0,3.7,17.95,0,0,1.79,0,0,0,0,0,0,0,0,0.19,0.21,0,0,0,0,0,0,0,0,0,0,0,0,0.51,0,0,90.5,10.1,1.243395949
2.74,5.88,55.92,12.55,0.76,3.61,13.48,0,0.18,2.01,0,0,0,0.26,0,0.76,0,0,0.5,0,0,0,0,0.27,0,0,0,0,0,0,0,0,0.19,0,0,23.0,8.0,-6.792624647
2.74,5.88,55.92,12.55,0.76,3.61,13.48,0,0.18,2.01,0,0,0,0.26,0,0.76,0,0,0.5,0,0,0,0,0.27,0,0,0,0,0,0,0,0,0.19,0,0,23.0,9.0,-6.516314723
2.74,5.88,55.92,12.55,0.76,3.61,13.48,0,0.18,2.01,0,0,0,0.26,0,0.76,0,0,0.5,0,0,0,0,0.27,0,0,0,0,0,0,0,0,0.19,0,0,23.0,10.0,-4.950557645
2.74,5.88,55.92,12.55,0.76,3.61,13.48,0,0.18,2.01,0,0,0,0.26,0,0.76,0,0,0.5,0,0,0,0,0.27,0,0,0,0,0,0,0,0,0.19,0,0,23.0,11.0,-4.582144328
2.74,5.88,55.92,12.55,0.76,3.61,13.48,0,0.18,2.01,0,0,0,0.26,0,0.76,0,0,0.5,0,0,0,0,0.27,0,0,0,0,0,0,0,0,0.19,0,0,23.0,12.0,-3.545980871
2.74,5.88,55.92,12.55,0.76,3.61,13.48,0,0.18,2.01,0,0,0,0.26,0,0.76,0,0,0.5,0,0,0,0,0.27,0,0,0,0,0,0,0,0,0.19,0,0,40.0,7.9,-4.835428991
2.74,5.88,55.92,12.55,0.76,3.61,13.48,0,0.18,2.01,0,0,0,0.26,0,0.76,0,0,0.5,0,0,0,0,0.27,0,0,0,0,0,0,0,0,0.19,0,0,40.0,8.7,-4.490041336
2.74,5.88,55.92,12.55,0.76,3.61,13.48,0,0.18,2.01,0,0,0,0.26,0,0.76,0,0,0.5,0,0,0,0,0.27,0,0,0,0,0,0,0,0,0.19,0,0,40.0,9.6,-3.361774381
2.74,5.88,55.92,12.55,0.76,3.61,13.48,0,0.18,2.01,0,0,0,0.26,0,0.76,0,0,0.5,0,0,0,0,0.27,0,0,0,0,0,0,0,0,0.19,0,0,40.0,10.9,-3.039412307
2.74,5.88,55.92,12.55,0.76,3.61,13.48,0,0.18,2.01,0,0,0,0.26,0,0.76,0,0,0.5,0,0,0,0,0.27,0,0,0,0,0,0,0,0,0.19,0,0,40.0,11.7,-2.095352411
2.74,5.88,55.92,12.55,0.76,3.61,13.48,0,0.18,2.01,0,0,0,0.26,0,0.76,0,0,0.5,0,0,0,0,0.27,0,0,0,0,0,0,0,0,0.19,0,0,70.0,8.1,-3.983472284
2.74,5.88,55.92,12.55,0.76,3.61,13.48,0,0.18,2.01,0,0,0,0.26,0,0.76,0,0,0.5,0,0,0,0,0.27,0,0,0,0,0,0,0,0,0.19,0,0,70.0,8.9,-2.34863678
2.74,5.88,55.92,12.55,0.76,3.61,13.48,0,0.18,2.01,0,0,0,0.26,0,0.76,0,0,0.5,0,0,0,0,0.27,0,0,0,0,0,0,0,0,0.19,0,0,70.0,10.4,-1.703912946
2.74,5.88,55.92,12.55,0.76,3.61,13.48,0,0.18,2.01,0,0,0,0.26,0,0.76,0,0,0.5,0,0,0,0,0.27,0,0,0,0,0,0,0,0,0.19,0,0,70.0,11.1,-0.7828789308
2.74,5.88,55.92,12.55,0.76,3.61,13.48,0,0.18,2.01,0,0,0,0.26,0,0.76,0,0,0.5,0,0,0,0,0.27,0,0,0,0,0,0,0,0,0.19,0,0,90.0,7.7,-1.151292534
2.74,5.88,55.92,12.55,0.76,3.61,13.48,0,0.18,2.01,0,0,0,0.26,0,0.76,0,0,0.5,0,0,0,0,0.27,0,0,0,0,0,0,0,0,0.19,0,0,90.0,8.5,-0.1381551055
2.74,5.88,55.92,12.55,0.76,3.61,13.48,0,0.18,2.01,0,0,0,0.26,0,0.76,0,0,0.5,0,0,0,0,0.27,0,0,0,0,0,0,0,0,0.19,0,0,90.0,10.1,0.09210339812
2.74,5.88,55.92,12.55,0.76,3.61,13.48,0,0.18,2.01,0,0,0,0.26,0,0.76,0,0,0.5,0,0,0,0,0.27,0,0,0,0,0,0,0,0,0.19,0,0,90.0,10.7,1.01313744
0.0,7.11,0,27.35,1.85,6.65,45.0,0,0.09,1.33,0.0,0,0.06,0.47,0,3.04,0,0,2.99,0.0,0,0,0,0.49,0,0,0,0,0,0,0,0,0.15,0,0,23.0,8.3,-7.138427097
0.0,7.11,0,27.35,1.85,6.65,45.0,0,0.09,1.33,0.0,0,0.06,0.47,0,3.04,0,0,2.99,0.0,0,0,0,0.49,0,0,0,0,0,0,0,0,0.15,0,0,23.0,9.0,-6.424095323
0.0,7.11,0,27.35,1.85,6.65,45.0,0,0.09,1.33,0.0,0,0.06,0.47,0,3.04,0,0,2.99,0.0,0,0,0,0.49,0,0,0,0,0,0,0,0,0.15,0,0,23.0,10.0,-5.38802328
0.0,7.11,0,27.35,1.85,6.65,45.0,0,0.09,1.33,0.0,0,0.06,0.47,0,3.04,0,0,2.99,0.0,0,0,0,0.49,0,0,0,0,0,0,0,0,0.15,0,0,23.0,11.0,-5.22692737
0.0,7.11,0,27.35,1.85,6.65,45.0,0,0.09,1.33,0.0,0,0.06,0.47,0,3.04,0,0,2.99,0.0,0,0,0,0.49,0,0,0,0,0,0,0,0,0.15,0,0,23.0,12.0,-3.522958319
0.0,7.11,0,27.35,1.85,6.65,45.0,0,0.09,1.33,0.0,0,0.06,0.47,0,3.04,0,0,2.99,0.0,0,0,0,0.49,0,0,0,0,0,0,0,0,0.15,0,0,40.0,8.0,-5.111671838
0.0,7.11,0,27.35,1.85,6.65,45.0,0,0.09,1.33,0.0,0,0.06,0.47,0,3.04,0,0,2.99,0.0,0,0,0,0.49,0,0,0,0,0,0,0,0,0.15,0,0,40.0,8.7,-4.328827158
0.0,7.11,0,27.35,1.85,6.65,45.0,0,0.09,1.33,0.0,0,0.06,0.47,0,3.04,0,0,2.99,0.0,0,0,0,0.49,0,0,0,0,0,0,0,0,0.15,0,0,40.0,9.6,-3.569000838
0.0,7.11,0,27.35,1.85,6.65,45.0,0,0.09,1.33,0.0,0,0.06,0.47,0,3.04,0,0,2.99,0.0,0,0,0,0.49,0,0,0,0,0,0,0,0,0.15,0,0,40.0,10.5,-2.671000111
0.0,7.11,0,27.35,1.85,6.65,45.0,0,0.09,1.33,0.0,0,0.06,0.47,0,3.04,0,0,2.99,0.0,0,0,0,0.49,0,0,0,0,0,0,0,0,0.15,0,0,40.0,11.6,-1.588782708
0.0,7.11,0,27.35,1.85,6.65,45.0,0,0.09,1.33,0.0,0,0.06,0.47,0,3.04,0,0,2.99,0.0,0,0,0,0.49,0,0,0,0,0,0,0,0,0.15,0,0,70.0,7.4,-3.615071527
0.0,7.11,0,27.35,1.85,6.65,45.0,0,0.09,1.33,0.0,0,0.06,0.47,0,3.04,0,0,2.99,0.0,0,0,0,0.49,0,0,0,0,0,0,0,0,0.15,0,0,70.0,8.2,-2.901258807
0.0,7.11,0,27.35,1.85,6.65,45.0,0,0.09,1.33,0.0,0,0.06,0.47,0,3.04,0,0,2.99,0.0,0,0,0,0.49,0,0,0,0,0,0,0,0,0.15,0,0,70.0,9.1,-2.164433142
0.0,7.11,0,27.35,1.85,6.65,45.0,0,0.09,1.33,0.0,0,0.06,0.47,0,3.04,0,0,2.99,0.0,0,0,0,0.49,0,0,0,0,0,0,0,0,0.15,0,0,70.0,9.9,-0.8749832552
0.0,7.11,0,27.35,1.85,6.65,45.0,0,0.09,1.33,0.0,0,0.06,0.47,0,3.04,0,0,2.99,0.0,0,0,0,0.49,0,0,0,0,0,0,0,0,0.15,0,0,70.0,11.0,-0.8980088682
0.0,7.11,0,27.35,1.85,6.65,45.0,0,0.09,1.33,0.0,0,0.06,0.47,0,3.04,0,0,2.99,0.0,0,0,0,0.49,0,0,0,0,0,0,0,0,0.15,0,0,90.0,7.8,-1.565760798
0.0,7.11,0,27.35,1.85,6.65,45.0,0,0.09,1.33,0.0,0,0.06,0.47,0,3.04,0,0,2.99,0.0,0,0,0,0.49,0,0,0,0,0,0,0,0,0.15,0,0,90.0,8.7,-1.174316919
0.0,7.11,0,27.35,1.85,6.65,45.0,0,0.09,1.33,0.0,0,0.06,0.47,0,3.04,0,0,2.99,0.0,0,0,0,0.49,0,0,0,0,0,0,0,0,0.15,0,0,90.0,9.6,-0.09210322758
0.0,7.11,0,27.35,1.85,6.65,45.0,0,0.09,1.33,0.0,0,0.06,0.47,0,3.04,0,0,2.99,0.0,0,0,0,0.49,0,0,0,0,0,0,0,0,0.15,0,0,90.0,10.5,-1.059188711
0.0,9.78,0,26.37,1.69,6.68,43.87,0,0.36,2.37,0.29,0,0.0,0.14,0,2.51,0,0,3.33,0.0,0,0,0,1.05,0,0,0,0,0,0,0,0,0.07,0,0,23.0,8.0,-7.782424336
0.0,9.78,0,26.37,1.69,6.68,43.87,0,0.36,2.37,0.29,0,0.0,0.14,0,2.51,0,0,3.33,0.0,0,0,0,1.05,0,0,0,0,0,0,0,0,0.07,0,0,23.0,9.0,-6.654664651
0.0,9.78,0,26.37,1.69,6.68,43.87,0,0.36,2.37,0.29,0,0.0,0.14,0,2.51,0,0,3.33,0.0,0,0,0,1.05,0,0,0,0,0,0,0,0,0.07,0,0,23.0,10.0,-5.019625586
0.0,9.78,0,26.37,1.69,6.68,43.87,0,0.36,2.37,0.29,0,0.0,0.14,0,2.51,0,0,3.33,0.0,0,0,0,1.05,0,0,0,0,0,0,0,0,0.07,0,0,23.0,11.0,-3.937340813
0.0,9.78,0,26.37,1.69,6.68,43.87,0,0.36,2.37,0.29,0,0.0,0.14,0,2.51,0,0,3.33,0.0,0,0,0,1.05,0,0,0,0,0,0,0,0,0.07,0,0,23.0,12.0,-3.085460064
0.0,9.78,0,26.37,1.69,6.68,43.87,0,0.36,2.37,0.29,0,0.0,0.14,0,2.51,0,0,3.33,0.0,0,0,0,1.05,0,0,0,0,0,0,0,0,0.07,0,0,40.0,8.6,-4.858515246
0.0,9.78,0,26.37,1.69,6.68,43.87,0,0.36,2.37,0.29,0,0.0,0.14,0,2.51,0,0,3.33,0.0,0,0,0,1.05,0,0,0,0,0,0,0,0,0.07,0,0,40.0,9.6,-3.638072278
0.0,9.78,0,26.37,1.69,6.68,43.87,0,0.36,2.37,0.29,0,0.0,0.14,0,2.51,0,0,3.33,0.0,0,0,0,1.05,0,0,0,0,0,0,0,0,0.07,0,0,40.0,10.7,-2.578892107
0.0,9.78,0,26.37,1.69,6.68,43.87,0,0.36,2.37,0.29,0,0.0,0.14,0,2.51,0,0,3.33,0.0,0,0,0,1.05,0,0,0,0,0,0,0,0,0.07,0,0,40.0,11.6,-1.842070089
0.0,9.78,0,26.37,1.69,6.68,43.87,0,0.36,2.37,0.29,0,0.0,0.14,0,2.51,0,0,3.33,0.0,0,0,0,1.05,0,0,0,0,0,0,0,0,0.07,0,0,70.0,8.0,-3.108497917
0.0,9.78,0,26.37,1.69,6.68,43.87,0,0.36,2.37,0.29,0,0.0,0.14,0,2.51,0,0,3.33,0.0,0,0,0,1.05,0,0,0,0,0,0,0,0,0.07,0,0,70.0,9.0,-2.095351436
0.0,9.78,0,26.37,1.69,6.68,43.87,0,0.36,2.37,0.29,0,0.0,0.14,0,2.51,0,0,3.33,0.0,0,0,0,1.05,0,0,0,0,0,0,0,0,0.07,0,0,70.0,10.0,-0.9901122066
0.0,9.78,0,26.37,1.69,6.68,43.87,0,0.36,2.37,0.29,0,0.0,0.14,0,2.51,0,0,3.33,0.0,0,0,0,1.05,0,0,0,0,0,0,0,0,0.07,0,0,70.0,10.9,-0.04605126837
0.0,9.78,0,26.37,1.69,6.68,43.87,0,0.36,2.37,0.29,0,0.0,0.14,0,2.51,0,0,3.33,0.0,0,0,0,1.05,0,0,0,0,0,0,0,0,0.07,0,0,90.0,7.6,-1.888120601
0.0,9.78,0,26.37,1.69,6.68,43.87,0,0.36,2.37,0.29,0,0.0,0.14,0,2.51,0,0,3.33,0.0,0,0,0,1.05,0,0,0,0,0,0,0,0,0.07,0,0,90.0,8.6,-1.450628103
0.0,9.78,0,26.37,1.69,6.68,43.87,0,0.36,2.37,0.29,0,0.0,0.14,0,2.51,0,0,3.33,0.0,0,0,0,1.05,0,0,0,0,0,0,0,0,0.07,0,0,90.0,9.6,-0.04605126837
0.0,9.78,0,26.37,1.69,6.68,43.87,0,0.36,2.37,0.29,0,0.0,0.14,0,2.51,0,0,3.33,0.0,0,0,0,1.05,0,0,0,0,0,0,0,0,0.07,0,0,90.0,10.3,-0.1611810014
0,8.0,56.31,13.74,0.51,4.06,12.37,0,0.19,2.9,0,0,0,0.26,0,0.75,0,0,0.49,0,0,0,0,0,0,0,0,0,0,0,0,0,0,0,0,22.7,11.0,-2.164563795
0,8.0,56.31,13.74,0.51,4.06,12.37,0,0.19,2.9,0,0,0,0.26,0,0.75,0,0,0.49,0,0,0,0,0,0,0,0,0,0,0,0,0,0,0,0,22.7,12.0,-1.013077001
0,8.0,56.31,13.74,0.51,4.06,12.37,0,0.19,2.9,0,0,0,0.26,0,0.75,0,0,0.49,0,0,0,0,0,0,0,0,0,0,0,0,0,0,0,0,40.9,8.7,-2.855970331
0,8.0,56.31,13.74,0.51,4.06,12.37,0,0.19,2.9,0,0,0,0.26,0,0.75,0,0,0.49,0,0,0,0,0,0,0,0,0,0,0,0,0,0,0,0,40.9,9.6,-1.818925137
0,8.0,56.31,13.74,0.51,4.06,12.37,0,0.19,2.9,0,0,0,0.26,0,0.75,0,0,0.49,0,0,0,0,0,0,0,0,0,0,0,0,0,0,0,0,40.2,10.9,-1.105334834
0,8.0,56.31,13.74,0.51,4.06,12.37,0,0.19,2.9,0,0,0,0.26,0,0.75,0,0,0.49,0,0,0,0,0,0,0,0,0,0,0,0,0,0,0,0,39.9,11.7,-0.6676743846
0,8.0,56.31,13.74,0.51,4.06,12.37,0,0.19,2.9,0,0,0,0.26,0,0.75,0,0,0.49,0,0,0,0,0,0,0,0,0,0,0,0,0,0,0,0,71.0,8.1,-0.1612256485
0,8.0,56.31,13.74,0.51,4.06,12.37,0,0.19,2.9,0,0,0,0.26,0,0.75,0,0,0.49,0,0,0,0,0,0,0,0,0,0,0,0,0,0,0,0,71.0,8.9,0.4374804375
0,8.0,56.31,13.74,0.51,4.06,12.37,0,0.19,2.9,0,0,0,0.26,0,0.75,0,0,0.49,0,0,0,0,0,0,0,0,0,0,0,0,0,0,0,0,70.1,10.4,1.082211867
0,8.0,56.31,13.74,0.51,4.06,12.37,0,0.19,2.9,0,0,0,0.26,0,0.75,0,0,0.49,0,0,0,0,0,0,0,0,0,0,0,0,0,0,0,0,70.1,11.1,1.358537684
0,8.0,56.31,13.74,0.51,4.06,12.37,0,0.19,2.9,0,0,0,0.26,0,0.75,0,0,0.49,0,0,0,0,0,0,0,0,0,0,0,0,0,0,0,0,90.6,7.7,0.4835366435
0,8.0,56.31,13.74,0.51,4.06,12.37,0,0.19,2.9,0,0,0,0.26,0,0.75,0,0,0.49,0,0,0,0,0,0,0,0,0,0,0,0,0,0,0,0,90.6,8.5,1.013127019
0,5.36,57.32,13.54,1.04,2.55,15.55,0,0.23,0.75,0.52,0,0,1.84,0,0.76,0,0,0.51,0,0,0,0,0,0,0,0,0,0,0,0,0,0.01,0,0,23.0,9.0,-5.158555424
0,5.36,57.32,13.54,1.04,2.55,15.55,0,0.23,0.75,0.52,0,0,1.84,0,0.76,0,0,0.51,0,0,0,0,0,0,0,0,0,0,0,0,0,0.01,0,0,23.0,10.0,-4.535644123
0,5.36,57.32,13.54,1.04,2.55,15.55,0,0.23,0.75,0.52,0,0,1.84,0,0.76,0,0,0.51,0,0,0,0,0,0,0,0,0,0,0,0,0,0.01,0,0,23.0,11.0,-3.108453144
0,5.36,57.32,13.54,1.04,2.55,15.55,0,0.23,0.75,0.52,0,0,1.84,0,0.76,0,0,0.51,0,0,0,0,0,0,0,0,0,0,0,0,0,0.01,0,0,40.0,8.7,-4.743283488
0,5.36,57.32,13.54,1.04,2.55,15.55,0,0.23,0.75,0.52,0,0,1.84,0,0.76,0,0,0.51,0,0,0,0,0,0,0,0,0,0,0,0,0,0.01,0,0,40.0,9.6,-4.213804002
0,5.36,57.32,13.54,1.04,2.55,15.55,0,0.23,0.75,0.52,0,0,1.84,0,0.76,0,0,0.51,0,0,0,0,0,0,0,0,0,0,0,0,0,0.01,0,0,40.0,10.9,-2.648037531
0,5.36,57.32,13.54,1.04,2.55,15.55,0,0.23,0.75,0.52,0,0,1.84,0,0.76,0,0,0.51,0,0,0,0,0,0,0,0,0,0,0,0,0,0.01,0,0,40.0,11.7,-1.68088021
0,5.36,57.32,13.54,1.04,2.55,15.55,0,0.23,0.75,0.52,0,0,1.84,0,0.76,0,0,0.51,0,0,0,0,0,0,0,0,0,0,0,0,0,0.01,0,0,70.0,7.3,-3.131551997
0,5.36,57.32,13.54,1.04,2.55,15.55,0,0.23,0.75,0.52,0,0,1.84,0,0.76,0,0,0.51,0,0,0,0,0,0,0,0,0,0,0,0,0,0.01,0,0,70.0,8.1,-2.187472286
0,5.36,57.32,13.54,1.04,2.55,15.55,0,0.23,0.75,0.52,0,0,1.84,0,0.76,0,0,0.51,0,0,0,0,0,0,0,0,0,0,0,0,0,0.01,0,0,70.0,8.9,-1.358523564
0,5.36,57.32,13.54,1.04,2.55,15.55,0,0.23,0.75,0.52,0,0,1.84,0,0.76,0,0,0.51,0,0,0,0,0,0,0,0,0,0,0,0,0,0.01,0,0,70.0,10.4,0.1611830376
0,5.36,57.32,13.54,1.04,2.55,15.55,0,0.23,0.75,0.52,0,0,1.84,0,0.76,0,0,0.51,0,0,0,0,0,0,0,0,0,0,0,0,0,0.01,0,0,70.0,11.1,1.289447501
0,5.36,57.32,13.54,1.04,2.55,15.55,0,0.23,0.75,0.52,0,0,1.84,0,0.76,0,0,0.51,0,0,0,0,0,0,0,0,0,0,0,0,0,0.01,0,0,90.0,6.9,-2.302585093
0,5.36,57.32,13.54,1.04,2.55,15.55,0,0.23,0.75,0.52,0,0,1.84,0,0.76,0,0,0.51,0,0,0,0,0,0,0,0,0,0,0,0,0,0.01,0,0,90.0,7.7,-1.796008484
0,5.36,57.32,13.54,1.04,2.55,15.55,0,0.23,0.75,0.52,0,0,1.84,0,0.76,0,0,0.51,0,0,0,0,0,0,0,0,0,0,0,0,0,0.01,0,0,90.0,8.5,-0.9670841512
0,5.36,57.32,13.54,1.04,2.55,15.55,0,0.23,0.75,0.52,0,0,1.84,0,0.76,0,0,0.51,0,0,0,0,0,0,0,0,0,0,0,0,0,0.01,0,0,90.0,10.1,0.2763126852
0,5.61,57.19,13.63,0.52,4.14,14.72,0,0.98,0,0.66,0,0,0.66,0,0.68,0,0,0.9,0,0,0,0,0,0,0,0,0,0,0,0,0,0.28,0,0,23.0,7.1,-6.769733981
0,5.61,57.19,13.63,0.52,4.14,14.72,0,0.98,0,0.66,0,0,0.66,0,0.68,0,0,0.9,0,0,0,0,0,0,0,0,0,0,0,0,0,0.28,0,0,23.0,9.0,-6.631639843
0,5.61,57.19,13.63,0.52,4.14,14.72,0,0.98,0,0.66,0,0,0.66,0,0.68,0,0,0.9,0,0,0,0,0,0,0,0,0,0,0,0,0,0.28,0,0,23.0,9.7,-5.73341728
0,5.61,57.19,13.63,0.52,4.14,14.72,0,0.98,0,0.66,0,0,0.66,0,0.68,0,0,0.9,0,0,0,0,0,0,0,0,0,0,0,0,0,0.28,0,0,23.0,11.1,-3.776225433
0,5.61,57.19,13.63,0.52,4.14,14.72,0,0.98,0,0.66,0,0,0.66,0,0.68,0,0,0.9,0,0,0,0,0,0,0,0,0,0,0,0,0,0.28,0,0,40.0,6.6,-5.503129961
0,5.61,57.19,13.63,0.52,4.14,14.72,0,0.98,0,0.66,0,0,0.66,0,0.68,0,0,0.9,0,0,0,0,0,0,0,0,0,0,0,0,0,0.28,0,0,40.0,7.5,-4.950622624
0,5.61,57.19,13.63,0.52,4.14,14.72,0,0.98,0,0.66,0,0,0.66,0,0.68,0,0,0.9,0,0,0,0,0,0,0,0,0,0,0,0,0,0.28,0,0,40.0,8.4,-4.213736391
0,5.61,57.19,13.63,0.52,4.14,14.72,0,0.98,0,0.66,0,0,0.66,0,0.68,0,0,0.9,0,0,0,0,0,0,0,0,0,0,0,0,0,0.28,0,0,40.0,9.4,-3.822273713
0,5.61,57.19,13.63,0.52,4.14,14.72,0,0.98,0,0.66,0,0,0.66,0,0.68,0,0,0.9,0,0,0,0,0,0,0,0,0,0,0,0,0,0.28,0,0,40.0,10.9,-2.233506892
0,5.61,57.19,13.63,0.52,4.14,14.72,0,0.98,0,0.66,0,0,0.66,0,0.68,0,0,0.9,0,0,0,0,0,0,0,0,0,0,0,0,0,0.28,0,0,70.0,6.9,-2.740082811
0,5.61,57.19,13.63,0.52,4.14,14.72,0,0.98,0,0.66,0,0,0.66,0,0.68,0,0,0.9,0,0,0,0,0,0,0,0,0,0,0,0,0,0.28,0,0,70.0,7.8,-2.256532005
0,5.61,57.19,13.63,0.52,4.14,14.72,0,0.98,0,0.66,0,0,0.66,0,0.68,0,0,0.9,0,0,0,0,0,0,0,0,0,0,0,0,0,0.28,0,0,70.0,8.9,-1.772992672
0,5.61,57.19,13.63,0.52,4.14,14.72,0,0.98,0,0.66,0,0,0.66,0,0.68,0,0,0.9,0,0,0,0,0,0,0,0,0,0,0,0,0,0.28,0,0,70.0,10.5,-0.2532845105
0,5.61,57.19,13.63,0.52,4.14,14.72,0,0.98,0,0.66,0,0,0.66,0,0.68,0,0,0.9,0,0,0,0,0,0,0,0,0,0,0,0,0,0.28,0,0,90.0,5.5,-2.440698395
0,5.61,57.19,13.63,0.52,4.14,14.72,0,0.98,0,0.66,0,0,0.66,0,0.68,0,0,0.9,0,0,0,0,0,0,0,0,0,0,0,0,0,0.28,0,0,90.0,6.5,-1.726938488
0,5.61,57.19,13.63,0.52,4.14,14.72,0,0.98,0,0.66,0,0,0.66,0,0.68,0,0,0.9,0,0,0,0,0,0,0,0,0,0,0,0,0,0.28,0,0,90.0,7.4,-1.266422841
0,5.61,57.19,13.63,0.52,4.14,14.72,0,0.98,0,0.66,0,0,0.66,0,0.68,0,0,0.9,0,0,0,0,0,0,0,0,0,0,0,0,0,0.28,0,0,90.0,8.5,-0.8749832552
0,5.61,57.19,13.63,0.52,4.14,14.72,0,0.98,0,0.66,0,0,0.66,0,0.68,0,0,0.9,0,0,0,0,0,0,0,0,0,0,0,0,0,0.28,0,0,90.0,10.1,0.4835428095
0,5.61,57.19,13.63,0.52,4.14,14.72,0,0.98,0,0.66,0,0,0.66,0,0.68,0,0,0.9,0,0,0,0,0,0,0,0,0,0,0,0,0,0.28,0,0,23.0,9.0,-6.217111229
6.05,6.94,58.33,4.1,1.44,2.36,15.59,0,0.11,2.31,0,0,0,1.29,0,0.76,0,0,0.5,0,0,0,0,0,0,0,0,0,0,0,0,0,0.01,0,0,23.0,10.0,-5.019625586
6.05,6.94,58.33,4.1,1.44,2.36,15.59,0,0.11,2.31,0,0,0,1.29,0,0.76,0,0,0.5,0,0,0,0,0,0,0,0,0,0,0,0,0,0.01,0,0,23.0,11.0,-3.914375771
6.05,6.94,58.33,4.1,1.44,2.36,15.59,0,0.11,2.31,0,0,0,1.29,0,0.76,0,0,0.5,0,0,0,0,0,0,0,0,0,0,0,0,0,0.01,0,0,23.0,12.0,-3.361765152
6.05,6.94,58.33,4.1,1.44,2.36,15.59,0,0.11,2.31,0,0,0,1.29,0,0.76,0,0,0.5,0,0,0,0,0,0,0,0,0,0,0,0,0,0.01,0,0,40.0,7.9,-5.272844571
6.05,6.94,58.33,4.1,1.44,2.36,15.59,0,0.11,2.31,0,0,0,1.29,0,0.76,0,0,0.5,0,0,0,0,0,0,0,0,0,0,0,0,0,0.01,0,0,40.0,8.7,-4.950622624
6.05,6.94,58.33,4.1,1.44,2.36,15.59,0,0.11,2.31,0,0,0,1.29,0,0.76,0,0,0.5,0,0,0,0,0,0,0,0,0,0,0,0,0,0.01,0,0,40.0,9.6,-3.753225994
6.05,6.94,58.33,4.1,1.44,2.36,15.59,0,0.11,2.31,0,0,0,1.29,0,0.76,0,0,0.5,0,0,0,0,0,0,0,0,0,0,0,0,0,0.01,0,0,40.0,10.9,-2.555865739
6.05,6.94,58.33,4.1,1.44,2.36,15.59,0,0.11,2.31,0,0,0,1.29,0,0.76,0,0,0.5,0,0,0,0,0,0,0,0,0,0,0,0,0,0.01,0,0,40.0,11.7,-2.463763745
6.05,6.94,58.33,4.1,1.44,2.36,15.59,0,0.11,2.31,0,0,0,1.29,0,0.76,0,0,0.5,0,0,0,0,0,0,0,0,0,0,0,0,0,0.01,0,0,70.0,7.3,-3.960425745
6.05,6.94,58.33,4.1,1.44,2.36,15.59,0,0.11,2.31,0,0,0,1.29,0,0.76,0,0,0.5,0,0,0,0,0,0,0,0,0,0,0,0,0,0.01,0,0,70.0,8.1,-2.901258807
6.05,6.94,58.33,4.1,1.44,2.36,15.59,0,0.11,2.31,0,0,0,1.29,0,0.76,0,0,0.5,0,0,0,0,0,0,0,0,0,0,0,0,0,0.01,0,0,70.0,8.9,-2.095351436
6.05,6.94,58.33,4.1,1.44,2.36,15.59,0,0.11,2.31,0,0,0,1.29,0,0.76,0,0,0.5,0,0,0,0,0,0,0,0,0,0,0,0,0,0.01,0,0,70.0,10.4,-0.5526220512
6.05,6.94,58.33,4.1,1.44,2.36,15.59,0,0.11,2.31,0,0,0,1.29,0,0.76,0,0,0.5,0,0,0,0,0,0,0,0,0,0,0,0,0,0.01,0,0,70.0,11.1,-0.690775994
6.05,6.94,58.33,4.1,1.44,2.36,15.59,0,0.11,2.31,0,0,0,1.29,0,0.76,0,0,0.5,0,0,0,0,0,0,0,0,0,0,0,0,0,0.01,0,0,90.0,7.7,-3.822273713
6.05,6.94,58.33,4.1,1.44,2.36,15.59,0,0.11,2.31,0,0,0,1.29,0,0.76,0,0,0.5,0,0,0,0,0,0,0,0,0,0,0,0,0,0.01,0,0,90.0,8.5,-0.6216975959
6.05,6.94,58.33,4.1,1.44,2.36,15.59,0,0.11,2.31,0,0,0,1.29,0,0.76,0,0,0.5,0,0,0,0,0,0,0,0,0,0,0,0,0,0.01,0,0,90.0,10.1,-0.1842065322
6.05,6.94,58.33,4.1,1.44,2.36,15.59,0,0.11,2.31,0,0,0,1.29,0,0.76,0,0,0.5,0,0,0,0,0,0,0,0,0,0,0,0,0,0.01,0,0,90.0,10.7,0.1611813353
6.05,6.94,58.33,4.1,1.44,2.36,15.59,0,0.11,2.31,0,0,0,1.29,0,0.76,0,0,0.5,0,0,0,0,0,0,0,0,0,0,0,0,0,0.01,0,0,23.0,10.0,-5.29594618
3.39,5.84,57.54,9.39,0.76,2.41,15.69,0,0.04,1.84,0.29,0,0.01,1.38,0,0.76,0,0,0.5,0,0,0,0,0,0,0,0,0,0,0,0,0,0.06,0,0,23.0,11.0,-4.052549665
3.39,5.84,57.54,9.39,0.76,2.41,15.69,0,0.04,1.84,0.29,0,0.01,1.38,0,0.76,0,0,0.5,0,0,0,0,0,0,0,0,0,0,0,0,0,0.06,0,0,23.0,12.0,-3.315722409
3.39,5.84,57.54,9.39,0.76,2.41,15.69,0,0.04,1.84,0.29,0,0.01,1.38,0,0.76,0,0,0.5,0,0,0,0,0,0,0,0,0,0,0,0,0,0.06,0,0,40.0,8.7,-3.868343019
3.39,5.84,57.54,9.39,0.76,2.41,15.69,0,0.04,1.84,0.29,0,0.01,1.38,0,0.76,0,0,0.5,0,0,0,0,0,0,0,0,0,0,0,0,0,0.06,0,0,40.0,9.6,-3.200593225
3.39,5.84,57.54,9.39,0.76,2.41,15.69,0,0.04,1.84,0.29,0,0.01,1.38,0,0.76,0,0,0.5,0,0,0,0,0,0,0,0,0,0,0,0,0,0.06,0,0,40.0,10.9,-2.256533437
3.39,5.84,57.54,9.39,0.76,2.41,15.69,0,0.04,1.84,0.29,0,0.01,1.38,0,0.76,0,0,0.5,0,0,0,0,0,0,0,0,0,0,0,0,0,0.06,0,0,40.0,11.7,-1.84206807
3.39,5.84,57.54,9.39,0.76,2.41,15.69,0,0.04,1.84,0.29,0,0.01,1.38,0,0.76,0,0,0.5,0,0,0,0,0,0,0,0,0,0,0,0,0,0.06,0,0,70.0,7.3,-4.190705033
3.39,5.84,57.54,9.39,0.76,2.41,15.69,0,0.04,1.84,0.29,0,0.01,1.38,0,0.76,0,0,0.5,0,0,0,0,0,0,0,0,0,0,0,0,0,0.06,0,0,70.0,8.1,-2.647972835
3.39,5.84,57.54,9.39,0.76,2.41,15.69,0,0.04,1.84,0.29,0,0.01,1.38,0,0.76,0,0,0.5,0,0,0,0,0,0,0,0,0,0,0,0,0,0.06,0,0,70.0,8.9,-1.819042222
3.39,5.84,57.54,9.39,0.76,2.41,15.69,0,0.04,1.84,0.29,0,0.01,1.38,0,0.76,0,0,0.5,0,0,0,0,0,0,0,0,0,0,0,0,0,0.06,0,0,70.0,10.4,-0.5065687305
3.39,5.84,57.54,9.39,0.76,2.41,15.69,0,0.04,1.84,0.29,0,0.01,1.38,0,0.76,0,0,0.5,0,0,0,0,0,0,0,0,0,0,0,0,0,0.06,0,0,70.0,11.1,-0.1611809544
3.39,5.84,57.54,9.39,0.76,2.41,15.69,0,0.04,1.84,0.29,0,0.01,1.38,0,0.76,0,0,0.5,0,0,0,0,0,0,0,0,0,0,0,0,0,0.06,0,0,90.0,6.9,-2.486791866
3.39,5.84,57.54,9.39,0.76,2.41,15.69,0,0.04,1.84,0.29,0,0.01,1.38,0,0.76,0,0,0.5,0,0,0,0,0,0,0,0,0,0,0,0,0,0.06,0,0,90.0,7.7,-1.404576872
3.39,5.84,57.54,9.39,0.76,2.41,15.69,0,0.04,1.84,0.29,0,0.01,1.38,0,0.76,0,0,0.5,0,0,0,0,0,0,0,0,0,0,0,0,0,0.06,0,0,90.0,8.5,-0.5295945805
3.39,5.84,57.54,9.39,0.76,2.41,15.69,0,0.04,1.84,0.29,0,0.01,1.38,0,0.76,0,0,0.5,0,0,0,0,0,0,0,0,0,0,0,0,0,0.06,0,0,90.0,10.1,0.2532847548
3.39,5.84,57.54,9.39,0.76,2.41,15.69,0,0.04,1.84,0.29,0,0.01,1.38,0,0.76,0,0,0.5,0,0,0,0,0,0,0,0,0,0,0,0,0,0.06,0,0,90.0,10.7,0.8519564864
3.39,5.84,57.54,9.39,0.76,2.41,15.69,0,0.04,1.84,0.29,0,0.01,1.38,0,0.76,0,0,0.5,0,0,0,0,0,0,0,0,0,0,0,0,0,0.06,0,0,20.0,5.9,-8.864979188
0,2.92,58.04,13.12,0,4.78,18.92,0,0.63,1.45,0,0,0,0,0,0,0,0,0,0.02,0,0,0,0,0,0,0,0,0,0,0,0,0.06,0,0,20.0,8.1,-7.55249332
0,2.92,58.04,13.12,0,4.78,18.92,0,0.63,1.45,0,0,0,0,0,0,0,0,0,0.02,0,0,0,0,0,0,0,0,0,0,0,0,0.06,0,0,20.0,9.1,-6.378162858
0,2.92,58.04,13.12,0,4.78,18.92,0,0.63,1.45,0,0,0,0,0,0,0,0,0,0.02,0,0,0,0,0,0,0,0,0,0,0,0,0.06,0,0,20.0,10.0,-5.203842081
0,2.92,58.04,13.12,0,4.78,18.92,0,0.63,1.45,0,0,0,0,0,0,0,0,0,0.02,0,0,0,0,0,0,0,0,0,0,0,0,0.06,0,0,20.0,11.1,-4.236757104
0,2.92,58.04,13.12,0,4.78,18.92,0,0.63,1.45,0,0,0,0,0,0,0,0,0,0.02,0,0,0,0,0,0,0,0,0,0,0,0,0.06,0,0,20.0,12.1,-3.270432312
0,2.92,58.04,13.12,0,4.78,18.92,0,0.63,1.45,0,0,0,0,0,0,0,0,0,0.02,0,0,0,0,0,0,0,0,0,0,0,0,0.06,0,0,40.0,5.9,-5.894617367
0,2.92,58.04,13.12,0,4.78,18.92,0,0.63,1.45,0,0,0,0,0,0,0,0,0,0.02,0,0,0,0,0,0,0,0,0,0,0,0,0.06,0,0,40.0,7.9,-5.157792237
0,2.92,58.04,13.12,0,4.78,18.92,0,0.63,1.45,0,0,0,0,0,0,0,0,0,0.02,0,0,0,0,0,0,0,0,0,0,0,0,0.06,0,0,40.0,8.3,-5.203842081
0,2.92,58.04,13.12,0,4.78,18.92,0,0.63,1.45,0,0,0,0,0,0,0,0,0,0.02,0,0,0,0,0,0,0,0,0,0,0,0,0.06,0,0,40.0,8.9,-4.09860141
0,2.92,58.04,13.12,0,4.78,18.92,0,0.63,1.45,0,0,0,0,0,0,0,0,0,0.02,0,0,0,0,0,0,0,0,0,0,0,0,0.06,0,0,40.0,9.8,-3.430851655
0,2.92,58.04,13.12,0,4.78,18.92,0,0.63,1.45,0,0,0,0,0,0,0,0,0,0.02,0,0,0,0,0,0,0,0,0,0,0,0,0.06,0,0,40.0,11.5,-2.164430006
0,2.92,58.04,13.12,0,4.78,18.92,0,0.63,1.45,0,0,0,0,0,0,0,0,0,0.02,0,0,0,0,0,0,0,0,0,0,0,0,0.06,0,0,70.0,5.9,-4.904506574
0,2.92,58.04,13.12,0,4.78,18.92,0,0.63,1.45,0,0,0,0,0,0,0,0,0,0.02,0,0,0,0,0,0,0,0,0,0,0,0,0.06,0,0,70.0,7.7,-3.270432312
0,2.92,58.04,13.12,0,4.78,18.92,0,0.63,1.45,0,0,0,0,0,0,0,0,0,0.02,0,0,0,0,0,0,0,0,0,0,0,0,0.06,0,0,70.0,8.7,-1.84206807
0,2.92,58.04,13.12,0,4.78,18.92,0,0.63,1.45,0,0,0,0,0,0,0,0,0,0.02,0,0,0,0,0,0,0,0,0,0,0,0,0.06,0,0,70.0,9.4,-1.289447653
0,2.92,58.04,13.12,0,4.78,18.92,0,0.63,1.45,0,0,0,0,0,0,0,0,0,0.02,0,0,0,0,0,0,0,0,0,0,0,0,0.06,0,0,70.0,10.7,-0.8289306157
0,2.92,58.04,13.12,0,4.78,18.92,0,0.63,1.45,0,0,0,0,0,0,0,0,0,0.02,0,0,0,0,0,0,0,0,0,0,0,0,0.06,0,0,90.0,5.9,-3.453877532
0,2.92,58.04,13.12,0,4.78,18.92,0,0.63,1.45,0,0,0,0,0,0,0,0,0,0.02,0,0,0,0,0,0,0,0,0,0,0,0,0.06,0,0,90.0,7.7,-1.220370108
0,2.92,58.04,13.12,0,4.78,18.92,0,0.63,1.45,0,0,0,0,0,0,0,0,0,0.02,0,0,0,0,0,0,0,0,0,0,0,0,0.06,0,0,90.0,8.6,-0.3684136162
0,2.92,58.04,13.12,0,4.78,18.92,0,0.63,1.45,0,0,0,0,0,0,0,0,0,0.02,0,0,0,0,0,0,0,0,0,0,0,0,0.06,0,0,90.0,9.3,-0.4835428725
0,2.92,58.04,13.12,0,4.78,18.92,0,0.63,1.45,0,0,0,0,0,0,0,0,0,0.02,0,0,0,0,0,0,0,0,0,0,0,0,0.06,0,0,90.0,10.4,0.4144653178
0,2.92,58.04,13.12,0,4.78,18.92,0,0.63,1.45,0,0,0,0,0,0,0,0,0,0.02,0,0,0,0,0,0,0,0,0,0,0,0,0.06,0,0,23.0,8.0,-5.134764851
16.04,26.2,0,13.06,1.65,1.82,38.4,0,0,0,0,0,0,1.16,0,0,0,0,0.97,0.7,0,0,0,0,0,0,0,0,0,0,0,0,0,0,0,23.0,10.0,-3.499929348
16.04,26.2,0,13.06,1.65,1.82,38.4,0,0,0,0,0,0,1.16,0,0,0,0,0.97,0.7,0,0,0,0,0,0,0,0,0,0,0,0,0,0,0,23.0,12.0,-0.7138013163
16.04,26.2,0,13.06,1.65,1.82,38.4,0,0,0,0,0,0,1.16,0,0,0,0,0.97,0.7,0,0,0,0,0,0,0,0,0,0,0,0,0,0,0,40.0,7.9,-2.993360628
16.04,26.2,0,13.06,1.65,1.82,38.4,0,0,0,0,0,0,1.16,0,0,0,0,0.97,0.7,0,0,0,0,0,0,0,0,0,0,0,0,0,0,0,40.0,9.8,-2.233507536
16.04,26.2,0,13.06,1.65,1.82,38.4,0,0,0,0,0,0,1.16,0,0,0,0,0.97,0.7,0,0,0,0,0,0,0,0,0,0,0,0,0,0,0,40.0,11.5,0.7598530805
16.04,26.2,0,13.06,1.65,1.82,38.4,0,0,0,0,0,0,1.16,0,0,0,0,0.97,0.7,0,0,0,0,0,0,0,0,0,0,0,0,0,0,0,70.0,7.6,-0.9210340361
16.04,26.2,0,13.06,1.65,1.82,38.4,0,0,0,0,0,0,1.16,0,0,0,0,0.97,0.7,0,0,0,0,0,0,0,0,0,0,0,0,0,0,0,70.0,9.3,0.9440598882
16.04,26.2,0,13.06,1.65,1.82,38.4,0,0,0,0,0,0,1.16,0,0,0,0,0.97,0.7,0,0,0,0,0,0,0,0,0,0,0,0,0,0,0,23.0,8.0,-5.295945781
14.96,26.26,0,12.87,2.1,2.38,38.03,0,0,0,0,0,0,1.34,0,0,0,0,1.17,0.89,0,0,0,0,0,0,0,0,0,0,0,0,0,0,0,23.0,10.0,-3.730187859
14.96,26.26,0,12.87,2.1,2.38,38.03,0,0,0,0,0,0,1.34,0,0,0,0,1.17,0.89,0,0,0,0,0,0,0,0,0,0,0,0,0,0,0,23.0,12.0,-0.621697987
14.96,26.26,0,12.87,2.1,2.38,38.03,0,0,0,0,0,0,1.34,0,0,0,0,1.17,0.89,0,0,0,0,0,0,0,0,0,0,0,0,0,0,0,40.0,7.9,-3.822291265
14.96,26.26,0,12.87,2.1,2.38,38.03,0,0,0,0,0,0,1.34,0,0,0,0,1.17,0.89,0,0,0,0,0,0,0,0,0,0,0,0,0,0,0,40.0,9.8,-1.657861266
14.96,26.26,0,12.87,2.1,2.38,38.03,0,0,0,0,0,0,1.34,0,0,0,0,1.17,0.89,0,0,0,0,0,0,0,0,0,0,0,0,0,0,0,40.0,11.5,0.9670857132
14.96,26.26,0,12.87,2.1,2.38,38.03,0,0,0,0,0,0,1.34,0,0,0,0,1.17,0.89,0,0,0,0,0,0,0,0,0,0,0,0,0,0,0,70.0,7.6,-0.9901115956
14.96,26.26,0,12.87,2.1,2.38,38.03,0,0,0,0,0,0,1.34,0,0,0,0,1.17,0.89,0,0,0,0,0,0,0,0,0,0,0,0,0,0,0,70.0,9.3,0.4605170183
0,13.87,0,34.46,1.2,9.47,30.27,0,3.45,1.68,0.36,0,0,0.36,0,1.78,0,0,2.36,0,0,0,0,0.74,0,0,0,0,0,0,0,0,0,0,0,22.0,9.0,-5.84857706
0,13.87,0,34.46,1.2,9.47,30.27,0,3.45,1.68,0.36,0,0,0.36,0,1.78,0,0,2.36,0,0,0,0,0.74,0,0,0,0,0,0,0,0,0,0,0,22.0,10.0,-4.996584471
0,13.87,0,34.46,1.2,9.47,30.27,0,3.45,1.68,0.36,0,0,0.36,0,1.78,0,0,2.36,0,0,0,0,0.74,0,0,0,0,0,0,0,0,0,0,0,22.0,11.0,-3.499913355
0,13.87,0,34.46,1.2,9.47,30.27,0,3.45,1.68,0.36,0,0,0.36,0,1.78,0,0,2.36,0,0,0,0,0.74,0,0,0,0,0,0,0,0,0,0,0,22.0,12.0,-1.980226269
0,13.87,0,34.46,1.2,9.47,30.27,0,3.45,1.68,0.36,0,0,0.36,0,1.78,0,0,2.36,0,0,0,0,0.74,0,0,0,0,0,0,0,0,0,0,0,40.8,8.7,-4.351924291
0,13.87,0,34.46,1.2,9.47,30.27,0,3.45,1.68,0.36,0,0,0.36,0,1.78,0,0,2.36,0,0,0,0,0.74,0,0,0,0,0,0,0,0,0,0,0,40.9,9.6,-3.43086309
0,13.87,0,34.46,1.2,9.47,30.27,0,3.45,1.68,0.36,0,0,0.36,0,1.78,0,0,2.36,0,0,0,0,0.74,0,0,0,0,0,0,0,0,0,0,0,40.9,10.9,-1.957195591
0,13.87,0,34.46,1.2,9.47,30.27,0,3.45,1.68,0.36,0,0,0.36,0,1.78,0,0,2.36,0,0,0,0,0.74,0,0,0,0,0,0,0,0,0,0,0,40.9,11.7,-0.5065680335
0,13.87,0,34.46,1.2,9.47,30.27,0,3.45,1.68,0.36,0,0,0.36,0,1.78,0,0,2.36,0,0,0,0,0.74,0,0,0,0,0,0,0,0,0,0,0,73.0,8.1,-2.740082811
0,13.87,0,34.46,1.2,9.47,30.27,0,3.45,1.68,0.36,0,0,0.36,0,1.78,0,0,2.36,0,0,0,0,0.74,0,0,0,0,0,0,0,0,0,0,0,70.3,8.9,-1.634837775
0,13.87,0,34.46,1.2,9.47,30.27,0,3.45,1.68,0.36,0,0,0.36,0,1.78,0,0,2.36,0,0,0,0,0.74,0,0,0,0,0,0,0,0,0,0,0,70.3,10.4,-0.0690778751
0,13.87,0,34.46,1.2,9.47,30.27,0,3.45,1.68,0.36,0,0,0.36,0,1.78,0,0,2.36,0,0,0,0,0.74,0,0,0,0,0,0,0,0,0,0,0,70.6,11.1,1.243396093
0,13.87,0,34.46,1.2,9.47,30.27,0,3.45,1.68,0.36,0,0,0.36,0,1.78,0,0,2.36,0,0,0,0,0.74,0,0,0,0,0,0,0,0,0,0,0,89.8,7.7,-1.980226269
0,13.87,0,34.46,1.2,9.47,30.27,0,3.45,1.68,0.36,0,0,0.36,0,1.78,0,0,2.36,0,0,0,0,0.74,0,0,0,0,0,0,0,0,0,0,0,90.4,8.5,0.06907726793
0,13.87,0,34.46,1.2,9.47,30.27,0,3.45,1.68,0.36,0,0,0.36,0,1.78,0,0,2.36,0,0,0,0,0.74,0,0,0,0,0,0,0,0,0,0,0,90.6,10.1,1.220370229
0,15.19,0,35.7,1.2,8.71,32.69,0,0.52,2.14,0,0,0,0.11,0,1.78,0,0,1.96,0,0,0,0,0,0,0,0,0,0,0,0,0,0,0,0,22.0,9.0,-5.940771433
0,15.19,0,35.7,1.2,8.71,32.69,0,0.52,2.14,0,0,0,0.11,0,1.78,0,0,1.96,0,0,0,0,0,0,0,0,0,0,0,0,0,0,0,0,22.0,10.0,-5.203916691
0,15.19,0,35.7,1.2,8.71,32.69,0,0.52,2.14,0,0,0,0.11,0,1.78,0,0,1.96,0,0,0,0,0,0,0,0,0,0,0,0,0,0,0,0,22.0,11.0,-3.407829324
0,15.19,0,35.7,1.2,8.71,32.69,0,0.52,2.14,0,0,0,0.11,0,1.78,0,0,1.96,0,0,0,0,0,0,0,0,0,0,0,0,0,0,0,0,22.0,12.0,-1.911144537
0,15.19,0,35.7,1.2,8.71,32.69,0,0.52,2.14,0,0,0,0.11,0,1.78,0,0,1.96,0,0,0,0,0,0,0,0,0,0,0,0,0,0,0,0,40.8,8.7,-4.466974687
0,15.19,0,35.7,1.2,8.71,32.69,0,0.52,2.14,0,0,0,0.11,0,1.78,0,0,1.96,0,0,0,0,0,0,0,0,0,0,0,0,0,0,0,0,40.9,9.6,-3.476902012
0,15.19,0,35.7,1.2,8.71,32.69,0,0.52,2.14,0,0,0,0.11,0,1.78,0,0,1.96,0,0,0,0,0,0,0,0,0,0,0,0,0,0,0,0,40.9,10.9,-1.93417132
0,15.19,0,35.7,1.2,8.71,32.69,0,0.52,2.14,0,0,0,0.11,0,1.78,0,0,1.96,0,0,0,0,0,0,0,0,0,0,0,0,0,0,0,0,40.9,11.7,-0.1611810014
0,15.19,0,35.7,1.2,8.71,32.69,0,0.52,2.14,0,0,0,0.11,0,1.78,0,0,1.96,0,0,0,0,0,0,0,0,0,0,0,0,0,0,0,0,73.0,8.1,-2.486796434
0,15.19,0,35.7,1.2,8.71,32.69,0,0.52,2.14,0,0,0,0.11,0,1.78,0,0,1.96,0,0,0,0,0,0,0,0,0,0,0,0,0,0,0,0,70.3,8.9,-1.796014509
0,15.19,0,35.7,1.2,8.71,32.69,0,0.52,2.14,0,0,0,0.11,0,1.78,0,0,1.96,0,0,0,0,0,0,0,0,0,0,0,0,0,0,0,0,70.3,10.4,-0.1611810014
0,15.19,0,35.7,1.2,8.71,32.69,0,0.52,2.14,0,0,0,0.11,0,1.78,0,0,1.96,0,0,0,0,0,0,0,0,0,0,0,0,0,0,0,0,70.6,11.1,1.289447777
0,15.19,0,35.7,1.2,8.71,32.69,0,0.52,2.14,0,0,0,0.11,0,1.78,0,0,1.96,0,0,0,0,0,0,0,0,0,0,0,0,0,0,0,0,89.8,7.7,-1.496680819
0,15.19,0,35.7,1.2,8.71,32.69,0,0.52,2.14,0,0,0,0.11,0,1.78,0,0,1.96,0,0,0,0,0,0,0,0,0,0,0,0,0,0,0,0,90.4,8.5,-0.09210322758
0,15.19,0,35.7,1.2,8.71,32.69,0,0.52,2.14,0,0,0,0.11,0,1.78,0,0,1.96,0,0,0,0,0,0,0,0,0,0,0,0,0,0,0,0,90.6,10.1,1.38155113
0,11.99,0,33.26,1.17,6.51,33.35,0,6.0,2.36,0,0,0,0.13,0,2.05,0,0,2.26,0,0,0,0,0.92,0,0,0,0,0,0,0,0,0,0,0,22.7,9.0,-6.401186558
0,11.99,0,33.26,1.17,6.51,33.35,0,6.0,2.36,0,0,0,0.13,0,2.05,0,0,2.26,0,0,0,0,0.92,0,0,0,0,0,0,0,0,0,0,0,22.7,10.0,-4.812402844
0,11.99,0,33.26,1.17,6.51,33.35,0,6.0,2.36,0,0,0,0.13,0,2.05,0,0,2.26,0,0,0,0,0.92,0,0,0,0,0,0,0,0,0,0,0,22.7,11.0,-4.904506249
0,11.99,0,33.26,1.17,6.51,33.35,0,6.0,2.36,0,0,0,0.13,0,2.05,0,0,2.26,0,0,0,0,0.92,0,0,0,0,0,0,0,0,0,0,0,40.9,8.7,-4.904506249
0,11.99,0,33.26,1.17,6.51,33.35,0,6.0,2.36,0,0,0,0.13,0,2.05,0,0,2.26,0,0,0,0,0.92,0,0,0,0,0,0,0,0,0,0,0,40.9,9.6,-4.420963378
0,11.99,0,33.26,1.17,6.51,33.35,0,6.0,2.36,0,0,0,0.13,0,2.05,0,0,2.26,0,0,0,0,0.92,0,0,0,0,0,0,0,0,0,0,0,40.9,10.9,-4.098292995
0,11.99,0,33.26,1.17,6.51,33.35,0,6.0,2.36,0,0,0,0.13,0,2.05,0,0,2.26,0,0,0,0,0.92,0,0,0,0,0,0,0,0,0,0,0,39.9,11.7,-3.638084444
0,11.99,0,33.26,1.17,6.51,33.35,0,6.0,2.36,0,0,0,0.13,0,2.05,0,0,2.26,0,0,0,0,0.92,0,0,0,0,0,0,0,0,0,0,0,71.0,8.1,-1.381551056
0,11.99,0,33.26,1.17,6.51,33.35,0,6.0,2.36,0,0,0,0.13,0,2.05,0,0,2.26,0,0,0,0,0.92,0,0,0,0,0,0,0,0,0,0,0,71.0,8.9,-1.151292546
0,11.99,0,33.26,1.17,6.51,33.35,0,6.0,2.36,0,0,0,0.13,0,2.05,0,0,2.26,0,0,0,0,0.92,0,0,0,0,0,0,0,0,0,0,0,70.1,10.4,-0.8519564839
0,11.99,0,33.26,1.17,6.51,33.35,0,6.0,2.36,0,0,0,0.13,0,2.05,0,0,2.26,0,0,0,0,0.92,0,0,0,0,0,0,0,0,0,0,0,70.1,11.1,0.9440598884
0,11.99,0,33.26,1.17,6.51,33.35,0,6.0,2.36,0,0,0,0.13,0,2.05,0,0,2.26,0,0,0,0,0.92,0,0,0,0,0,0,0,0,0,0,0,90.6,7.7,-1.151292546
0,11.99,0,33.26,1.17,6.51,33.35,0,6.0,2.36,0,0,0,0.13,0,2.05,0,0,2.26,0,0,0,0,0.92,0,0,0,0,0,0,0,0,0,0,0,90.6,8.5,0.1381551056
0,11.99,0,33.26,1.17,6.51,33.35,0,6.0,2.36,0,0,0,0.13,0,2.05,0,0,2.26,0,0,0,0,0.92,0,0,0,0,0,0,0,0,0,0,0,90.5,10.1,0.2532847082
0,11.99,0,33.26,1.17,6.51,33.35,0,6.0,2.36,0,0,0,0.13,0,2.05,0,0,2.26,0,0,0,0,0.92,0,0,0,0,0,0,0,0,0,0,0,90.5,10.7,1.197344248
6.99,21.3,0,17.3,0,5.15,40.02,0,0,3.8,0,0,0,1.99,0,1.63,0,0,1.17,0.65,0,0,0,0.01,0,0,0,0,0,0,0,0,0,0,0,23.0,9.0,-6.147902198
6.99,21.3,0,17.3,0,5.15,40.02,0,0,3.8,0,0,0,1.99,0,1.63,0,0,1.17,0.65,0,0,0,0.01,0,0,0,0,0,0,0,0,0,0,0,23.0,10.0,-5.503178377
6.99,21.3,0,17.3,0,5.15,40.02,0,0,3.8,0,0,0,1.99,0,1.63,0,0,1.17,0.65,0,0,0,0.01,0,0,0,0,0,0,0,0,0,0,0,23.0,11.0,-4.443989276
6.99,21.3,0,17.3,0,5.15,40.02,0,0,3.8,0,0,0,1.99,0,1.63,0,0,1.17,0.65,0,0,0,0.01,0,0,0,0,0,0,0,0,0,0,0,23.0,12.0,-3.22361913
6.99,21.3,0,17.3,0,5.15,40.02,0,0,3.8,0,0,0,1.99,0,1.63,0,0,1.17,0.65,0,0,0,0.01,0,0,0,0,0,0,0,0,0,0,0,40.0,8.7,-3.845317105
6.99,21.3,0,17.3,0,5.15,40.02,0,0,3.8,0,0,0,1.99,0,1.63,0,0,1.17,0.65,0,0,0,0.01,0,0,0,0,0,0,0,0,0,0,0,40.0,9.6,-3.983547203
6.99,21.3,0,17.3,0,5.15,40.02,0,0,3.8,0,0,0,1.99,0,1.63,0,0,1.17,0.65,0,0,0,0.01,0,0,0,0,0,0,0,0,0,0,0,40.0,10.9,-1.703912969
6.99,21.3,0,17.3,0,5.15,40.02,0,0,3.8,0,0,0,1.99,0,1.63,0,0,1.17,0.65,0,0,0,0.01,0,0,0,0,0,0,0,0,0,0,0,70.0,8.1,-1.93417148
6.99,21.3,0,17.3,0,5.15,40.02,0,0,3.8,0,0,0,1.99,0,1.63,0,0,1.17,0.65,0,0,0,0.01,0,0,0,0,0,0,0,0,0,0,0,70.0,8.9,-1.72693882
6.99,21.3,0,17.3,0,5.15,40.02,0,0,3.8,0,0,0,1.99,0,1.63,0,0,1.17,0.65,0,0,0,0.01,0,0,0,0,0,0,0,0,0,0,0,70.0,10.4,-0.2763102112
6.99,21.3,0,17.3,0,5.15,40.02,0,0,3.8,0,0,0,1.99,0,1.63,0,0,1.17,0.65,0,0,0,0.01,0,0,0,0,0,0,0,0,0,0,0,70.0,11.1,0.8980081863
6.99,21.3,0,17.3,0,5.15,40.02,0,0,3.8,0,0,0,1.99,0,1.63,0,0,1.17,0.65,0,0,0,0.01,0,0,0,0,0,0,0,0,0,0,0,90.0,7.7,-1.013137441
6.99,21.3,0,17.3,0,5.15,40.02,0,0,3.8,0,0,0,1.99,0,1.63,0,0,1.17,0.65,0,0,0,0.01,0,0,0,0,0,0,0,0,0,0,0,90.0,8.5,-0.04605170188
6.99,21.3,0,17.3,0,5.15,40.02,0,0,3.8,0,0,0,1.99,0,1.63,0,0,1.17,0.65,0,0,0,0.01,0,0,0,0,0,0,0,0,0,0,0,90.0,10.1,0.8519564846